<?xml version="1.0" encoding="UTF-8"?>
<office:document-content xmlns:office="urn:oasis:names:tc:opendocument:xmlns:office:1.0" xmlns:style="urn:oasis:names:tc:opendocument:xmlns:style:1.0" xmlns:text="urn:oasis:names:tc:opendocument:xmlns:text:1.0" xmlns:table="urn:oasis:names:tc:opendocument:xmlns:table:1.0" xmlns:draw="urn:oasis:names:tc:opendocument:xmlns:drawing:1.0" xmlns:fo="urn:oasis:names:tc:opendocument:xmlns:xsl-fo-compatible:1.0" xmlns:xlink="http://www.w3.org/1999/xlink" xmlns:dc="http://purl.org/dc/elements/1.1/" xmlns:meta="urn:oasis:names:tc:opendocument:xmlns:meta:1.0" xmlns:number="urn:oasis:names:tc:opendocument:xmlns:datastyle:1.0" xmlns:svg="urn:oasis:names:tc:opendocument:xmlns:svg-compatible:1.0" xmlns:chart="urn:oasis:names:tc:opendocument:xmlns:chart:1.0" xmlns:dr3d="urn:oasis:names:tc:opendocument:xmlns:dr3d:1.0" xmlns:math="http://www.w3.org/1998/Math/MathML" xmlns:form="urn:oasis:names:tc:opendocument:xmlns:form:1.0" xmlns:script="urn:oasis:names:tc:opendocument:xmlns:script:1.0" xmlns:ooo="http://openoffice.org/2004/office" xmlns:ooow="http://openoffice.org/2004/writer" xmlns:oooc="http://openoffice.org/2004/calc" xmlns:dom="http://www.w3.org/2001/xml-events" xmlns:xforms="http://www.w3.org/2002/xforms" xmlns:xsd="http://www.w3.org/2001/XMLSchema" xmlns:xsi="http://www.w3.org/2001/XMLSchema-instance" xmlns:rpt="http://openoffice.org/2005/report" xmlns:of="urn:oasis:names:tc:opendocument:xmlns:of:1.2" xmlns:xhtml="http://www.w3.org/1999/xhtml" xmlns:grddl="http://www.w3.org/2003/g/data-view#" xmlns:officeooo="http://openoffice.org/2009/office" xmlns:tableooo="http://openoffice.org/2009/table" xmlns:drawooo="http://openoffice.org/2010/draw" xmlns:calcext="urn:org:documentfoundation:names:experimental:calc:xmlns:calcext:1.0" xmlns:loext="urn:org:documentfoundation:names:experimental:office:xmlns:loext:1.0" xmlns:field="urn:openoffice:names:experimental:ooo-ms-interop:xmlns:field:1.0" xmlns:formx="urn:openoffice:names:experimental:ooxml-odf-interop:xmlns:form:1.0" xmlns:css3t="http://www.w3.org/TR/css3-text/" office:version="1.2"><office:scripts/><office:font-face-decls><style:font-face style:name="FreeSans1" svg:font-family="FreeSans" style:font-family-generic="swiss"/><style:font-face style:name="Calibri" svg:font-family="Calibri" style:font-family-generic="roman" style:font-pitch="variable"/><style:font-face style:name="Cambria" svg:font-family="Cambria" style:font-family-generic="roman" style:font-pitch="variable"/><style:font-face style:name="Garamond" svg:font-family="Garamond" style:font-family-generic="roman" style:font-pitch="variable"/><style:font-face style:name="Lucida Grande" svg:font-family="&apos;Lucida Grande&apos;" style:font-family-generic="roman" style:font-pitch="variable"/><style:font-face style:name="Palatino Linotype" svg:font-family="&apos;Palatino Linotype&apos;" style:font-family-generic="roman" style:font-pitch="variable"/><style:font-face style:name="Times New Roman" svg:font-family="&apos;Times New Roman&apos;" style:font-family-generic="roman" style:font-pitch="variable"/><style:font-face style:name="Liberation Sans" svg:font-family="&apos;Liberation Sans&apos;" style:font-family-generic="swiss" style:font-pitch="variable"/><style:font-face style:name="Courier New" svg:font-family="&apos;Courier New&apos;" style:font-family-generic="system" style:font-pitch="variable"/><style:font-face style:name="Droid Sans Fallback" svg:font-family="&apos;Droid Sans Fallback&apos;" style:font-family-generic="system" style:font-pitch="variable"/><style:font-face style:name="FreeSans" svg:font-family="FreeSans" style:font-family-generic="system" style:font-pitch="variable"/><style:font-face style:name="Lucida Grande1" svg:font-family="&apos;Lucida Grande&apos;" style:font-family-generic="system" style:font-pitch="variable"/><style:font-face style:name="MS Gothic" svg:font-family="&apos;MS Gothic&apos;" style:font-family-generic="system" style:font-pitch="variable"/><style:font-face style:name="MS Mincho" svg:font-family="&apos;MS Mincho&apos;" style:font-family-generic="system" style:font-pitch="variable"/><style:font-face style:name="PalatinoLinotype-Bold" svg:font-family="PalatinoLinotype-Bold" style:font-family-generic="system" style:font-pitch="variable"/><style:font-face style:name="PalatinoLinotype-Italic" svg:font-family="PalatinoLinotype-Italic" style:font-family-generic="system" style:font-pitch="variable"/><style:font-face style:name="PalatinoLinotype-Roman" svg:font-family="PalatinoLinotype-Roman" style:font-family-generic="system" style:font-pitch="variable"/><style:font-face style:name="Times New Roman1" svg:font-family="&apos;Times New Roman&apos;" style:font-family-generic="system" style:font-pitch="variable"/></office:font-face-decls><office:automatic-styles><style:style style:name="P1" style:family="paragraph" style:parent-style-name="Standard"><style:paragraph-properties fo:line-height="115%" fo:text-align="justify" style:justify-single-word="false"/></style:style><style:style style:name="P2" style:family="paragraph" style:parent-style-name="Standard"><style:paragraph-properties fo:line-height="115%" fo:text-align="center" style:justify-single-word="false"/></style:style><style:style style:name="P3" style:family="paragraph" style:parent-style-name="Standard"><style:text-properties fo:language="en" fo:country="US"/></style:style><style:style style:name="P4" style:family="paragraph" style:parent-style-name="Standard"><style:paragraph-properties fo:text-align="justify" style:justify-single-word="false"/><style:text-properties fo:language="en" fo:country="US"/></style:style><style:style style:name="P5" style:family="paragraph" style:parent-style-name="Standard"><style:text-properties fo:language="en" fo:country="US" fo:font-weight="bold" style:font-weight-asian="bold"/></style:style><style:style style:name="P6" style:family="paragraph" style:parent-style-name="Standard"><style:paragraph-properties fo:text-align="justify" style:justify-single-word="false"/></style:style><style:style style:name="P7" style:family="paragraph" style:parent-style-name="Standard"><style:paragraph-properties fo:line-height="115%" fo:text-align="justify" style:justify-single-word="false"/><style:text-properties style:font-name="Times New Roman" fo:font-size="12pt" fo:language="en" fo:country="US" style:font-size-asian="12pt" style:font-name-complex="Times New Roman1" style:font-style-complex="italic"/></style:style><style:style style:name="P8" style:family="paragraph" style:parent-style-name="Standard"><style:paragraph-properties fo:line-height="115%" fo:text-align="justify" style:justify-single-word="false"/><style:text-properties style:font-name="Times New Roman" fo:font-size="12pt" fo:language="en" fo:country="US" fo:font-weight="bold" style:font-size-asian="12pt" style:font-weight-asian="bold" style:font-name-complex="Times New Roman1" style:font-size-complex="12pt" style:font-style-complex="italic"/></style:style><style:style style:name="P9" style:family="paragraph" style:parent-style-name="Standard"><style:paragraph-properties fo:line-height="115%" fo:text-align="center" style:justify-single-word="false"/><style:text-properties style:font-name="Times New Roman" fo:language="en" fo:country="US" style:font-name-complex="Times New Roman1" style:font-style-complex="italic"/></style:style><style:style style:name="P10" style:family="paragraph" style:parent-style-name="Standard"><style:paragraph-properties fo:line-height="115%" fo:text-align="justify" style:justify-single-word="false"/><style:text-properties style:font-name="Times New Roman" fo:language="en" fo:country="US" style:font-name-complex="Times New Roman1" style:font-style-complex="italic"/></style:style><style:style style:name="P11" style:family="paragraph" style:parent-style-name="Standard"><style:paragraph-properties fo:line-height="115%" fo:text-align="justify" style:justify-single-word="false"/><style:text-properties style:font-name="Times New Roman" fo:font-size="8pt" fo:language="en" fo:country="US" fo:font-weight="bold" style:font-size-asian="8pt" style:font-weight-asian="bold" style:font-name-complex="Times New Roman1" style:font-size-complex="8pt" style:font-style-complex="italic" style:font-weight-complex="bold"/></style:style><style:style style:name="P12" style:family="paragraph" style:parent-style-name="Standard"><style:paragraph-properties fo:line-height="115%" fo:text-align="justify" style:justify-single-word="false"/><style:text-properties fo:font-size="8pt" fo:language="en" fo:country="US" style:font-size-asian="8pt" style:font-size-complex="8pt" style:font-style-complex="italic"/></style:style><style:style style:name="P13" style:family="paragraph" style:parent-style-name="Standard"><style:paragraph-properties fo:line-height="115%" fo:text-align="justify" style:justify-single-word="false"/><style:text-properties fo:font-size="8pt" fo:language="en" fo:country="US" fo:font-weight="bold" style:font-size-asian="8pt" style:font-weight-asian="bold" style:font-size-complex="8pt" style:font-style-complex="italic" style:font-weight-complex="bold"/></style:style><style:style style:name="P14" style:family="paragraph" style:parent-style-name="Standard"><style:paragraph-properties><style:tab-stops><style:tab-stop style:position="4.2839in" style:type="right"/></style:tab-stops></style:paragraph-properties></style:style><style:style style:name="P15" style:family="paragraph" style:parent-style-name="Standard"><style:paragraph-properties fo:line-height="115%" fo:text-align="justify" style:justify-single-word="false" fo:break-before="page"/></style:style><style:style style:name="P16" style:family="paragraph" style:parent-style-name="Standard"><style:paragraph-properties fo:margin-left="0in" fo:margin-right="0in" fo:line-height="115%" fo:text-align="justify" style:justify-single-word="false" fo:text-indent="0.1972in" style:auto-text-indent="false"/></style:style><style:style style:name="P17" style:family="paragraph" style:parent-style-name="Standard"><style:paragraph-properties fo:margin-left="0in" fo:margin-right="0in" fo:line-height="115%" fo:text-align="center" style:justify-single-word="false" fo:text-indent="0.1972in" style:auto-text-indent="false"/></style:style><style:style style:name="P18" style:family="paragraph" style:parent-style-name="Standard"><style:paragraph-properties fo:margin-left="0in" fo:margin-right="0in" fo:line-height="115%" fo:text-align="justify" style:justify-single-word="false" fo:text-indent="0.1972in" style:auto-text-indent="false"/><style:text-properties style:font-name="Times New Roman" fo:language="en" fo:country="US" style:font-name-complex="Times New Roman1" style:font-style-complex="italic"/></style:style><style:style style:name="P19" style:family="paragraph" style:parent-style-name="Standard"><style:paragraph-properties fo:margin-left="0in" fo:margin-right="0in" fo:line-height="115%" fo:text-align="justify" style:justify-single-word="false" fo:text-indent="0.1972in" style:auto-text-indent="false"/><style:text-properties style:font-name="Times New Roman" fo:language="en" fo:country="US" fo:font-weight="bold" style:font-weight-asian="bold" style:font-name-complex="Times New Roman1" style:font-style-complex="italic"/></style:style><style:style style:name="P20" style:family="paragraph" style:parent-style-name="Standard"><style:paragraph-properties fo:margin-left="0in" fo:margin-right="0in" fo:line-height="115%" fo:text-align="justify" style:justify-single-word="false" fo:text-indent="0.1972in" style:auto-text-indent="false"/><style:text-properties fo:language="en" fo:country="US"/></style:style><style:style style:name="P21" style:family="paragraph" style:parent-style-name="Standard"><style:paragraph-properties fo:margin-left="0in" fo:margin-right="0in" fo:line-height="115%" fo:text-align="justify" style:justify-single-word="false" fo:text-indent="0.1972in" style:auto-text-indent="false"/><style:text-properties fo:language="en" fo:country="US" fo:font-style="italic" style:font-style-asian="italic" style:font-style-complex="italic"/></style:style><style:style style:name="P22" style:family="paragraph" style:parent-style-name="Standard"><style:paragraph-properties fo:margin-left="0in" fo:margin-right="0in" fo:line-height="115%" fo:text-align="justify" style:justify-single-word="false" fo:text-indent="0.1972in" style:auto-text-indent="false"/><style:text-properties fo:language="en" fo:country="US" fo:font-weight="bold" style:font-weight-asian="bold" style:font-size-complex="12pt"/></style:style><style:style style:name="P23" style:family="paragraph" style:parent-style-name="Standard"><style:paragraph-properties fo:margin-left="0in" fo:margin-right="0in" fo:line-height="115%" fo:text-align="justify" style:justify-single-word="false" fo:text-indent="0.1972in" style:auto-text-indent="false"/><style:text-properties fo:font-size="8pt" fo:language="en" fo:country="US" style:font-size-asian="8pt" style:font-size-complex="8pt" style:font-style-complex="italic"/></style:style><style:style style:name="P24" style:family="paragraph" style:parent-style-name="Standard"><style:paragraph-properties fo:margin-left="0in" fo:margin-right="0in" fo:margin-top="0in" fo:margin-bottom="0.1665in" loext:contextual-spacing="false" fo:line-height="115%" fo:text-align="justify" style:justify-single-word="false" fo:text-indent="0.1972in" style:auto-text-indent="false"/></style:style><style:style style:name="P25" style:family="paragraph" style:parent-style-name="Standard"><style:paragraph-properties fo:margin-left="0in" fo:margin-right="0in" fo:margin-top="0in" fo:margin-bottom="0.1665in" loext:contextual-spacing="false" fo:line-height="115%" fo:text-align="justify" style:justify-single-word="false" fo:text-indent="0.1972in" style:auto-text-indent="false"/><style:text-properties fo:font-size="8pt" fo:language="en" fo:country="US" fo:font-style="italic" style:font-size-asian="8pt" style:font-style-asian="italic" style:font-size-complex="8pt" style:font-style-complex="italic"/></style:style><style:style style:name="P26" style:family="paragraph" style:parent-style-name="Standard"><style:paragraph-properties fo:margin-left="1.9689in" fo:margin-right="0in" fo:text-align="justify" style:justify-single-word="false" fo:text-indent="-1.9689in" style:auto-text-indent="false" fo:break-before="page"/></style:style><style:style style:name="P27" style:family="paragraph" style:parent-style-name="Standard"><style:paragraph-properties fo:margin-left="1.9689in" fo:margin-right="0in" fo:text-align="justify" style:justify-single-word="false" fo:text-indent="-1.9689in" style:auto-text-indent="false"/></style:style><style:style style:name="P28" style:family="paragraph" style:parent-style-name="Standard"><style:paragraph-properties fo:margin-left="1.2799in" fo:margin-right="0in" fo:text-align="justify" style:justify-single-word="false" fo:text-indent="-1.2799in" style:auto-text-indent="false"/></style:style><style:style style:name="P29" style:family="paragraph" style:parent-style-name="Standard"><style:paragraph-properties fo:margin-left="1.5752in" fo:margin-right="0in" fo:text-align="justify" style:justify-single-word="false" fo:text-indent="-1.5752in" style:auto-text-indent="false"/></style:style><style:style style:name="P30" style:family="paragraph" style:parent-style-name="_30_5_20_Titolo_20_Paragrafo" style:master-page-name="First_20_Page"><style:paragraph-properties style:page-number="1"/></style:style><style:style style:name="P31" style:family="paragraph" style:parent-style-name="footnote_20_text" style:master-page-name="Converted2"><style:paragraph-properties style:page-number="auto"/></style:style><style:style style:name="P32" style:family="paragraph"><loext:graphic-properties draw:fill="none"/></style:style><style:style style:name="T1" style:family="text"><style:text-properties fo:language="en" fo:country="US"/></style:style><style:style style:name="T2" style:family="text"><style:text-properties fo:language="en" fo:country="US" fo:font-weight="normal" style:font-weight-asian="normal" style:font-weight-complex="normal"/></style:style><style:style style:name="T3" style:family="text"><style:text-properties fo:language="en" fo:country="US" fo:font-style="italic" style:font-style-asian="italic"/></style:style><style:style style:name="T4" style:family="text"><style:text-properties fo:language="en" fo:country="US" fo:font-style="italic" style:font-style-asian="italic" style:font-style-complex="italic"/></style:style><style:style style:name="T5" style:family="text"><style:text-properties fo:language="en" fo:country="US" fo:font-style="italic" style:font-style-asian="italic" style:font-size-complex="12pt"/></style:style><style:style style:name="T6" style:family="text"><style:text-properties fo:language="en" fo:country="US" fo:font-style="italic" fo:background-color="#ffffff" loext:char-shading-value="0" style:font-style-asian="italic" style:font-style-complex="italic"/></style:style><style:style style:name="T7" style:family="text"><style:text-properties fo:language="en" fo:country="US" style:font-size-complex="12pt"/></style:style><style:style style:name="T8" style:family="text"><style:text-properties fo:language="en" fo:country="US" style:font-size-complex="12pt" style:font-style-complex="italic"/></style:style><style:style style:name="T9" style:family="text"><style:text-properties fo:language="en" fo:country="US" style:font-style-complex="italic"/></style:style><style:style style:name="T10" style:family="text"><style:text-properties fo:language="en" fo:country="US" fo:font-weight="bold" style:font-weight-asian="bold" style:font-weight-complex="bold"/></style:style><style:style style:name="T11" style:family="text"><style:text-properties fo:language="en" fo:country="US" fo:font-weight="bold" style:font-weight-asian="bold" style:font-size-complex="12pt"/></style:style><style:style style:name="T12" style:family="text"><style:text-properties fo:language="en" fo:country="US" fo:background-color="#ffffff" loext:char-shading-value="0" style:font-style-complex="italic"/></style:style><style:style style:name="T13" style:family="text"><style:text-properties style:text-position="super 58%"/></style:style><style:style style:name="T14" style:family="text"><style:text-properties style:text-position="super 58%" fo:font-size="8pt" fo:language="en" fo:country="US" fo:font-style="italic" style:font-size-asian="8pt" style:font-style-asian="italic" style:font-size-complex="8pt" style:font-style-complex="italic"/></style:style><style:style style:name="T15" style:family="text"><style:text-properties style:text-position="super 58%" fo:language="en" fo:country="US" fo:font-style="italic" style:font-style-asian="italic" style:font-style-complex="italic"/></style:style><style:style style:name="T16" style:family="text"><style:text-properties fo:font-size="12pt" fo:language="en" fo:country="US" fo:font-weight="bold" style:font-size-asian="12pt" style:font-weight-asian="bold" style:font-size-complex="12pt"/></style:style><style:style style:name="T17" style:family="text"><style:text-properties style:font-name="Times New Roman" fo:language="en" fo:country="US" style:font-name-complex="Times New Roman1" style:font-style-complex="italic"/></style:style><style:style style:name="T18" style:family="text"><style:text-properties style:font-name="Times New Roman" fo:language="en" fo:country="US" style:font-name-complex="Times New Roman1"/></style:style><style:style style:name="T19" style:family="text"><style:text-properties style:font-name="Times New Roman" fo:language="en" fo:country="US" fo:font-style="italic" style:font-style-asian="italic" style:font-name-complex="Times New Roman1"/></style:style><style:style style:name="T20" style:family="text"><style:text-properties style:font-name="Times New Roman" fo:language="en" fo:country="US" fo:font-style="italic" style:font-style-asian="italic" style:font-name-complex="Times New Roman1" style:font-style-complex="italic"/></style:style><style:style style:name="T21" style:family="text"><style:text-properties style:font-name="Times New Roman" fo:language="en" fo:country="US" fo:font-weight="bold" style:font-weight-asian="bold" style:font-name-complex="Times New Roman1" style:font-style-complex="italic"/></style:style><style:style style:name="T22" style:family="text"><style:text-properties style:font-name="Times New Roman" fo:language="en" fo:country="US" style:text-underline-style="solid" style:text-underline-width="auto" style:text-underline-color="font-color" style:font-name-complex="Times New Roman1" style:font-style-complex="italic"/></style:style><style:style style:name="T23" style:family="text"><style:text-properties style:font-name="Times New Roman" fo:font-size="12pt" fo:language="en" fo:country="US" fo:font-weight="bold" style:font-size-asian="12pt" style:font-weight-asian="bold" style:font-name-complex="Times New Roman1" style:font-style-complex="italic"/></style:style><style:style style:name="T24" style:family="text"><style:text-properties style:font-name="Times New Roman" fo:font-size="12pt" fo:language="en" fo:country="US" fo:font-weight="bold" style:font-size-asian="12pt" style:font-weight-asian="bold" style:font-name-complex="Times New Roman1" style:font-size-complex="12pt" style:font-style-complex="italic"/></style:style><style:style style:name="T25" style:family="text"><style:text-properties style:font-name="Times New Roman" fo:font-size="12pt" fo:language="en" fo:country="US" style:font-size-asian="12pt" style:font-name-complex="Times New Roman1" style:font-size-complex="12pt" style:font-style-complex="italic"/></style:style><style:style style:name="T26" style:family="text"><style:text-properties style:font-name="Times New Roman" fo:font-size="8pt" fo:language="en" fo:country="US" fo:font-weight="bold" style:font-size-asian="8pt" style:font-weight-asian="bold" style:font-name-complex="Times New Roman1" style:font-style-complex="italic"/></style:style><style:style style:name="T27" style:family="text"><style:text-properties style:font-name="Times New Roman" fo:font-size="8pt" fo:language="en" fo:country="US" fo:font-weight="bold" style:font-size-asian="8pt" style:font-weight-asian="bold" style:font-name-complex="Times New Roman1" style:font-size-complex="8pt" style:font-style-complex="italic"/></style:style><style:style style:name="T28" style:family="text"><style:text-properties style:font-name="Times New Roman" fo:font-size="8pt" fo:language="en" fo:country="US" fo:font-weight="bold" style:font-size-asian="8pt" style:font-weight-asian="bold" style:font-name-complex="Times New Roman1" style:font-size-complex="8pt" style:font-style-complex="italic" style:font-weight-complex="bold"/></style:style><style:style style:name="T29" style:family="text"><style:text-properties style:font-name="Times New Roman" fo:font-size="8pt" fo:language="en" fo:country="US" style:font-size-asian="8pt" style:font-name-complex="Times New Roman1" style:font-style-complex="italic"/></style:style><style:style style:name="T30" style:family="text"><style:text-properties style:font-name="Times New Roman" fo:font-size="8pt" fo:language="en" fo:country="US" style:font-size-asian="8pt" style:font-name-complex="Times New Roman1" style:font-size-complex="8pt" style:font-style-complex="italic" style:font-weight-complex="bold"/></style:style><style:style style:name="T31" style:family="text"><style:text-properties style:font-name="Times New Roman" fo:font-size="8pt" fo:language="en" fo:country="US" style:font-size-asian="8pt" style:font-name-complex="Times New Roman1" style:font-size-complex="8pt" style:font-style-complex="italic"/></style:style><style:style style:name="T32" style:family="text"><style:text-properties style:font-name="Times New Roman" fo:font-size="8pt" fo:language="en" fo:country="US" fo:font-style="italic" style:font-size-asian="8pt" style:font-style-asian="italic" style:font-name-complex="Times New Roman1" style:font-size-complex="8pt" style:font-style-complex="italic"/></style:style><style:style style:name="T33" style:family="text"><style:text-properties style:font-name="Times New Roman" fo:font-size="8pt" fo:language="en" fo:country="US" fo:font-style="italic" style:font-size-asian="8pt" style:font-style-asian="italic" style:font-name-complex="Times New Roman1" style:font-size-complex="8pt"/></style:style><style:style style:name="T34" style:family="text"><style:text-properties style:font-name="Times New Roman" fo:font-size="8pt" fo:language="en" fo:country="US" fo:font-style="italic" fo:font-weight="bold" style:font-size-asian="8pt" style:font-style-asian="italic" style:font-weight-asian="bold" style:font-name-complex="Times New Roman1" style:font-size-complex="8pt" style:font-style-complex="italic"/></style:style><style:style style:name="T35" style:family="text"><style:text-properties style:font-name="Times New Roman" fo:font-size="9pt" style:font-size-asian="9pt" style:font-size-complex="9pt"/></style:style><style:style style:name="T36" style:family="text"><style:text-properties style:font-name="Times New Roman" fo:font-size="9pt" fo:language="en" fo:country="US" style:font-size-asian="9pt" style:font-size-complex="9pt"/></style:style><style:style style:name="T37" style:family="text"><style:text-properties style:font-name="Times New Roman" fo:font-size="9pt" fo:language="en" fo:country="US" style:font-size-asian="9pt" style:font-size-complex="9pt" style:font-style-complex="italic"/></style:style><style:style style:name="T38" style:family="text"><style:text-properties style:font-name="Times New Roman" fo:font-size="9pt" fo:language="en" fo:country="US" style:font-size-asian="9pt" style:font-name-complex="Times New Roman1" style:font-size-complex="9pt" style:font-style-complex="italic"/></style:style><style:style style:name="T39" style:family="text"><style:text-properties style:font-name="Times New Roman" fo:font-size="9pt" fo:language="en" fo:country="US" fo:font-style="italic" style:font-size-asian="9pt" style:font-style-asian="italic" style:font-size-complex="9pt"/></style:style><style:style style:name="T40" style:family="text"><style:text-properties style:font-name="Times New Roman" fo:font-style="italic" style:font-style-asian="italic" style:font-name-complex="Times New Roman1" style:font-style-complex="italic"/></style:style><style:style style:name="T41" style:family="text"><style:text-properties style:font-name="Times New Roman" style:font-name-complex="Times New Roman1" style:font-style-complex="italic"/></style:style><style:style style:name="T42" style:family="text"><style:text-properties fo:font-variant="small-caps"/></style:style><style:style style:name="T43" style:family="text"><style:text-properties fo:font-variant="small-caps" style:font-name="Times New Roman" fo:language="en" fo:country="US" style:font-name-complex="Times New Roman1" style:font-style-complex="italic"/></style:style><style:style style:name="T44" style:family="text"><style:text-properties fo:font-variant="small-caps" fo:language="en" fo:country="US"/></style:style><style:style style:name="T45" style:family="text"><style:text-properties fo:font-variant="small-caps" fo:language="en" fo:country="US" style:font-style-complex="italic"/></style:style><style:style style:name="T46" style:family="text"><style:text-properties fo:font-variant="small-caps" fo:language="en" fo:country="US" style:font-size-complex="12pt"/></style:style><style:style style:name="T47" style:family="text"><style:text-properties fo:font-variant="small-caps" fo:font-size="8pt" fo:language="en" fo:country="US" style:font-size-asian="8pt" style:font-size-complex="8pt" style:font-style-complex="italic"/></style:style><style:style style:name="T48" style:family="text"><style:text-properties fo:font-variant="small-caps" style:font-style-complex="italic"/></style:style><style:style style:name="T49" style:family="text"><style:text-properties fo:font-variant="small-caps" fo:font-size="9pt" fo:language="en" fo:country="US" style:font-size-asian="9pt" style:font-size-complex="9pt"/></style:style><style:style style:name="T50" style:family="text"><style:text-properties style:font-name="Garamond" fo:language="en" fo:country="US" fo:font-style="italic" style:font-style-asian="italic" style:font-size-complex="12pt" style:font-style-complex="italic"/></style:style><style:style style:name="T51" style:family="text"><style:text-properties style:font-name="Garamond" fo:language="en" fo:country="US" style:font-size-complex="12pt" style:font-style-complex="italic"/></style:style><style:style style:name="T52" style:family="text"><style:text-properties fo:color="#000000" fo:font-size="1pt" fo:language="en" fo:country="US" style:text-underline-style="none" fo:background-color="#000000" loext:char-shading-value="0" style:font-size-asian="1pt" style:font-size-complex="1pt" style:text-scale="0%" loext:padding="0in" loext:border="none"/></style:style><style:style style:name="T53" style:family="text"><style:text-properties fo:color="#000000" fo:font-size="1pt" fo:language="en" fo:country="US" style:text-underline-style="none" fo:font-weight="bold" fo:background-color="#000000" loext:char-shading-value="0" style:font-size-asian="1pt" style:font-weight-asian="bold" style:font-size-complex="1pt" style:font-weight-complex="bold" style:text-scale="0%" loext:padding="0in" loext:border="none"/></style:style><style:style style:name="T54" style:family="text"><style:text-properties fo:font-size="8pt" fo:language="en" fo:country="US" style:font-size-asian="8pt" style:font-size-complex="8pt" style:font-style-complex="italic"/></style:style><style:style style:name="T55" style:family="text"><style:text-properties fo:font-size="8pt" fo:language="en" fo:country="US" fo:font-style="italic" style:font-size-asian="8pt" style:font-style-asian="italic" style:font-size-complex="8pt"/></style:style><style:style style:name="T56" style:family="text"><style:text-properties fo:font-size="8pt" fo:language="en" fo:country="US" fo:font-style="italic" style:font-size-asian="8pt" style:font-style-asian="italic" style:font-size-complex="8pt" style:font-style-complex="italic"/></style:style><style:style style:name="T57" style:family="text"><style:text-properties fo:font-size="8pt" fo:language="en" fo:country="US" fo:font-style="italic" style:text-underline-style="solid" style:text-underline-width="auto" style:text-underline-color="font-color" style:font-size-asian="8pt" style:font-style-asian="italic" style:font-size-complex="8pt" style:font-style-complex="italic"/></style:style><style:style style:name="T58" style:family="text"><style:text-properties fo:font-size="8pt" fo:language="en" fo:country="US" fo:font-weight="bold" style:font-size-asian="8pt" style:font-weight-asian="bold" style:font-size-complex="8pt" style:font-style-complex="italic" style:font-weight-complex="bold"/></style:style><style:style style:name="T59" style:family="text"><style:text-properties fo:font-size="15pt" style:font-size-asian="15pt" style:font-size-complex="15pt"/></style:style><style:style style:name="T60" style:family="text"><style:text-properties fo:font-style="italic" style:font-style-asian="italic"/></style:style><style:style style:name="T61" style:family="text"><style:text-properties fo:font-style="italic" style:font-style-asian="italic" style:font-style-complex="italic"/></style:style><style:style style:name="T62" style:family="text"><style:text-properties fo:font-style="italic" fo:background-color="#ffffff" loext:char-shading-value="0" style:font-style-asian="italic" style:font-style-complex="italic"/></style:style><style:style style:name="T63" style:family="text"><style:text-properties style:font-style-complex="italic"/></style:style><style:style style:name="T64" style:family="text"><style:text-properties fo:font-size="9pt" style:font-size-asian="9pt" style:font-size-complex="9pt"/></style:style><style:style style:name="T65" style:family="text"><style:text-properties fo:font-size="9pt" fo:language="en" fo:country="US" style:font-size-asian="9pt" style:font-size-complex="9pt"/></style:style><style:style style:name="T66" style:family="text"><style:text-properties fo:font-size="9pt" fo:language="en" fo:country="US" fo:font-style="italic" style:font-size-asian="9pt" style:font-style-asian="italic" style:font-size-complex="9pt" style:font-style-complex="italic"/></style:style><style:style style:name="fr1" style:family="graphic" style:parent-style-name="Frame"><style:graphic-properties fo:margin-left="0.1252in" fo:margin-right="0.1252in" fo:margin-top="0in" fo:margin-bottom="0in" style:wrap="parallel" style:number-wrapped-paragraphs="no-limit" style:vertical-pos="from-top" style:vertical-rel="paragraph" style:horizontal-pos="from-left" style:horizontal-rel="paragraph" fo:background-color="transparent" draw:fill="none" draw:opacity="0%" fo:padding="0in" fo:border="0.06pt solid #000000" style:shadow="#808080 0.0244in 0.0244in" draw:shadow-opacity="100%"/></style:style><style:style style:name="fr2" style:family="graphic" style:parent-style-name="Frame"><style:graphic-properties fo:margin-left="0.1252in" fo:margin-right="0.1252in" fo:margin-top="0in" fo:margin-bottom="0in" style:wrap="run-through" style:number-wrapped-paragraphs="no-limit" style:vertical-pos="from-top" style:vertical-rel="paragraph" style:horizontal-pos="from-left" style:horizontal-rel="paragraph" fo:background-color="transparent" draw:fill="none" draw:opacity="0%" fo:padding="0.1in" fo:border="0.06pt solid #ff0000"/></style:style><style:style style:name="fr3" style:family="graphic" style:parent-style-name="Graphics"><style:graphic-properties fo:margin-left="0.0209in" fo:margin-right="0in" fo:margin-top="0in" fo:margin-bottom="0in" style:vertical-pos="top" style:vertical-rel="baseline" fo:background-color="transparent" draw:fill="none" draw:fill-color="#ffffff" fo:padding="0in" fo:border="none" style:mirror="none" fo:clip="rect(2.0457in, 0in, 1.6236in, 0.3571in)" draw:luminance="0%" draw:contrast="0%" draw:red="0%" draw:green="0%" draw:blue="0%" draw:gamma="100%" draw:color-inversion="false" draw:image-opacity="100%" draw:color-mode="standard"/></style:style><style:style style:name="fr4" style:family="graphic" style:parent-style-name="Graphics"><style:graphic-properties fo:margin-left="0.0209in" fo:margin-right="0in" fo:margin-top="0in" fo:margin-bottom="0in" style:vertical-pos="top" style:vertical-rel="baseline" fo:background-color="transparent" draw:fill="none" draw:fill-color="#ffffff" fo:padding="0in" fo:border="none" style:mirror="none" fo:clip="rect(5.8709in, 0.3972in, 5.2362in, 0.4972in)" draw:luminance="0%" draw:contrast="0%" draw:red="0%" draw:green="0%" draw:blue="0%" draw:gamma="100%" draw:color-inversion="false" draw:image-opacity="100%" draw:color-mode="greyscale"/></style:style><style:style style:name="fr5" style:family="graphic" style:parent-style-name="Graphics"><style:graphic-properties fo:margin-left="0.0209in" fo:margin-right="0in" fo:margin-top="0in" fo:margin-bottom="0in" style:vertical-pos="top" style:vertical-rel="baseline" fo:background-color="transparent" draw:fill="none" draw:fill-color="#ffffff" fo:padding="0in" fo:border="none" style:mirror="none" fo:clip="rect(3.361in, 1.2547in, 2.752in, 0.9465in)" draw:luminance="0%" draw:contrast="0%" draw:red="0%" draw:green="0%" draw:blue="0%" draw:gamma="100%" draw:color-inversion="false" draw:image-opacity="100%" draw:color-mode="standard"/></style:style><style:style style:name="fr6" style:family="graphic" style:parent-style-name="Graphics"><style:graphic-properties fo:margin-left="0.0209in" fo:margin-right="0.0035in" fo:margin-top="0in" fo:margin-bottom="0in" style:vertical-pos="top" style:vertical-rel="baseline" fo:background-color="transparent" draw:fill="none" draw:fill-color="#ffffff" fo:padding="0in" fo:border="none" style:mirror="none" fo:clip="rect(23.1839in, 5.248in, 17.4161in, 8.4646in)" draw:luminance="0%" draw:contrast="0%" draw:red="0%" draw:green="0%" draw:blue="0%" draw:gamma="100%" draw:color-inversion="false" draw:image-opacity="100%" draw:color-mode="greyscale"/></style:style><style:style style:name="fr7" style:family="graphic" style:parent-style-name="Graphics"><style:graphic-properties fo:margin-left="0.0209in" fo:margin-right="0.0016in" fo:margin-top="0in" fo:margin-bottom="0in" style:vertical-pos="top" style:vertical-rel="baseline" fo:background-color="transparent" draw:fill="none" draw:fill-color="#ffffff" fo:padding="0in" fo:border="none" style:mirror="none" fo:clip="rect(23.1917in, 8.8437in, 15.1854in, 10.5047in)" draw:luminance="0%" draw:contrast="0%" draw:red="0%" draw:green="0%" draw:blue="0%" draw:gamma="100%" draw:color-inversion="false" draw:image-opacity="100%" draw:color-mode="greyscale"/></style:style><style:style style:name="fr8" style:family="graphic" style:parent-style-name="Graphics"><style:graphic-properties fo:margin-left="0.0209in" fo:margin-right="0.0102in" fo:margin-top="0in" fo:margin-bottom="0in" style:vertical-pos="top" style:vertical-rel="baseline" fo:background-color="transparent" draw:fill="none" draw:fill-color="#ffffff" fo:padding="0in" fo:border="none" style:mirror="none" fo:clip="rect(19.6807in, 12.3465in, 20.1898in, 10.5598in)" draw:luminance="0%" draw:contrast="0%" draw:red="0%" draw:green="0%" draw:blue="0%" draw:gamma="100%" draw:color-inversion="false" draw:image-opacity="100%" draw:color-mode="greyscale"/></style:style><style:style style:name="fr9" style:family="graphic" style:parent-style-name="Graphics"><style:graphic-properties fo:margin-left="0.0209in" fo:margin-right="0in" fo:margin-top="0in" fo:margin-bottom="0in" style:vertical-pos="top" style:vertical-rel="baseline" fo:background-color="transparent" draw:fill="none" draw:fill-color="#ffffff" fo:padding="0in" fo:border="none" style:mirror="none" fo:clip="rect(0in, 0in, 0in, 0in)" draw:luminance="0%" draw:contrast="0%" draw:red="0%" draw:green="0%" draw:blue="0%" draw:gamma="100%" draw:color-inversion="false" draw:image-opacity="100%" draw:color-mode="standard"/></style:style><style:style style:name="fr10" style:family="graphic" style:parent-style-name="Graphics"><style:graphic-properties fo:margin-left="0.0209in" fo:margin-right="0.0075in" fo:margin-top="0in" fo:margin-bottom="0in" style:vertical-pos="top" style:vertical-rel="baseline" fo:background-color="transparent" draw:fill="none" draw:fill-color="#ffffff" fo:padding="0in" fo:border="none" style:mirror="none" fo:clip="rect(0in, 0in, 0in, 0in)" draw:luminance="0%" draw:contrast="0%" draw:red="0%" draw:green="0%" draw:blue="0%" draw:gamma="100%" draw:color-inversion="false" draw:image-opacity="100%" draw:color-mode="standard"/></style:style><style:style style:name="fr11" style:family="graphic" style:parent-style-name="Graphics"><style:graphic-properties fo:margin-left="0.0209in" fo:margin-right="0.0047in" fo:margin-top="0in" fo:margin-bottom="0in" style:vertical-pos="top" style:vertical-rel="baseline" fo:background-color="transparent" draw:fill="none" draw:fill-color="#ffffff" fo:padding="0in" fo:border="none" style:mirror="none" fo:clip="rect(2.1626in, 3.2161in, 9.9472in, 5.8291in)" draw:luminance="0%" draw:contrast="0%" draw:red="0%" draw:green="0%" draw:blue="0%" draw:gamma="100%" draw:color-inversion="false" draw:image-opacity="100%" draw:color-mode="standard"/></style:style><style:style style:name="fr12" style:family="graphic" style:parent-style-name="Graphics"><style:graphic-properties fo:margin-left="0.1457in" fo:margin-right="0.1346in" fo:margin-top="0in" fo:margin-bottom="0in" style:wrap="parallel" style:number-wrapped-paragraphs="no-limit" style:wrap-contour="true" style:wrap-contour-mode="full" style:vertical-pos="from-top" style:vertical-rel="paragraph" style:horizontal-pos="from-left" style:horizontal-rel="paragraph" fo:background-color="transparent" draw:fill="none" draw:fill-color="#ffffff" fo:padding="0in" fo:border="none" style:mirror="none" fo:clip="rect(0in, 0in, 0in, 0in)" draw:luminance="0%" draw:contrast="20%" draw:red="0%" draw:green="0%" draw:blue="0%" draw:gamma="100%" draw:color-inversion="false" draw:image-opacity="100%" draw:color-mode="standard" style:flow-with-text="true"/></style:style><style:style style:name="fr13" style:family="graphic" style:parent-style-name="Graphics"><style:graphic-properties fo:margin-left="0.1457in" fo:margin-right="0.1299in" fo:margin-top="0in" fo:margin-bottom="0in" style:wrap="parallel" style:number-wrapped-paragraphs="no-limit" style:wrap-contour="true" style:wrap-contour-mode="full" style:vertical-pos="from-top" style:vertical-rel="paragraph" style:horizontal-pos="from-left" style:horizontal-rel="paragraph" fo:background-color="transparent" draw:fill="none" draw:fill-color="#ffffff" fo:padding="0in" fo:border="none" style:mirror="none" fo:clip="rect(4.3799in, 0in, 14.2043in, 0in)" draw:luminance="0%" draw:contrast="20%" draw:red="0%" draw:green="0%" draw:blue="0%" draw:gamma="100%" draw:color-inversion="false" draw:image-opacity="100%" draw:color-mode="standard" style:flow-with-text="true"/></style:style><style:style style:name="fr14" style:family="graphic" style:parent-style-name="Graphics"><style:graphic-properties fo:margin-left="0.0209in" fo:margin-right="0.0063in" fo:margin-top="0in" fo:margin-bottom="0in" style:vertical-pos="top" style:vertical-rel="baseline" fo:background-color="transparent" draw:fill="none" draw:fill-color="#ffffff" fo:padding="0in" fo:border="none" style:mirror="none" fo:clip="rect(0in, 0in, 0in, 0in)" draw:luminance="0%" draw:contrast="0%" draw:red="0%" draw:green="0%" draw:blue="0%" draw:gamma="100%" draw:color-inversion="false" draw:image-opacity="100%" draw:color-mode="standard"/></style:style><style:style style:name="fr15" style:family="graphic" style:parent-style-name="OLE"><style:graphic-properties style:vertical-pos="top" style:vertical-rel="baseline" draw:ole-draw-aspect="1"/></style:style><style:style style:name="gr1" style:family="graphic"><style:graphic-properties draw:stroke="solid" svg:stroke-width="0in" svg:stroke-color="#ff0000" draw:marker-end="msArrowEnd_20_5" draw:marker-end-width="0.0827in" draw:marker-end-center="false" draw:stroke-linejoin="round" draw:fill="none" draw:textarea-vertical-align="top" fo:min-height="0in" fo:min-width="0in" fo:margin-left="0.1252in" fo:margin-right="0.1252in" fo:margin-top="0in" fo:margin-bottom="0in" style:run-through="background" style:wrap="run-through" style:number-wrapped-paragraphs="no-limit" style:vertical-pos="from-top" style:vertical-rel="paragraph" style:horizontal-pos="from-left" style:horizontal-rel="paragraph" draw:wrap-influence-on-position="once-concurrent" style:flow-with-text="false"/></style:style></office:automatic-styles><office:body><office:text text:use-soft-page-breaks="true"><text:sequence-decls><text:sequence-decl text:display-outline-level="0" text:name="Illustration"/><text:sequence-decl text:display-outline-level="0" text:name="Table"/><text:sequence-decl text:display-outline-level="0" text:name="Text"/><text:sequence-decl text:display-outline-level="0" text:name="Drawing"/></text:sequence-decls><text:p text:style-name="P30"><draw:frame draw:style-name="fr1" text:anchor-type="char" svg:x="0.0028in" svg:y="0.1945in" svg:width="4.2917in" svg:height="2.5756in" draw:z-index="0"><draw:text-box><text:p text:style-name="_30_5_20_Titolo_20_Capitolo_20_numerato"><text:span text:style-name="T1">VISUAL FEATURES OF INSCRIPTIONS.</text:span></text:p><text:p text:style-name="_30_5_20_Titolo_20_Capitolo_20_numerato"><text:span text:style-name="T1">An issue for EDB (and EAGLE)</text:span><text:span text:style-name="Bold"><text:span text:style-name="T2"><text:line-break/></text:span></text:span></text:p><text:p text:style-name="_30_5_20_Autore_20__28_solo_20_per_20_opere_20_collettanee_29_">Antonio, Enrico FELLE</text:p><text:p text:style-name="_30_5_20_Autore_20__28_solo_20_per_20_opere_20_collettanee_29_">Università degli Studi di Bari &quot;Aldo Moro&quot; -Italy </text:p><text:p text:style-name="_30_5_20_Autore_20__28_solo_20_per_20_opere_20_collettanee_29_">Email: antonio.felle@uniba.it</text:p></draw:text-box></draw:frame><text:span text:style-name="T1">Abstract</text:span></text:p><text:p text:style-name="P1"><text:span text:style-name="T1">In these last years the amount of digital images of inscriptions increased very quickly: we do not need accurate textual descriptions of the so-called </text:span><text:span text:style-name="T3">anaglypha</text:span><text:span text:style-name="T1">, because we can directly see them. But we have to build a search-by-image, using photos and drawings but also tagging them with standardized - and shared - labels. </text:span></text:p><text:p text:style-name="P1"><text:span text:style-name="T1">The issue of the &quot;illustrated inscriptions&quot; brings us to consider more broadly all the visual features of inscriptions, that were conceived as objects to see, not only to read.</text:span></text:p><text:p text:style-name="P4"/><text:p text:style-name="P4"/><text:p text:style-name="P6"><text:span text:style-name="T16">Keywords</text:span></text:p><text:p text:style-name="P1"><text:span text:style-name="T17">Early Christian Epigraphy, Byzantine Epigraphy, Middle Ages Epigraphy, Images, Symbols, Signs, Paleography, Stonecutters’ workshops </text:span></text:p><text:p text:style-name="P3"/><text:p text:style-name="P15"><text:span text:style-name="T23">1. &quot;Illustrated inscriptions&quot; by the Christians of Rome.</text:span></text:p><text:p text:style-name="P7"/><text:p text:style-name="P16"><text:span text:style-name="T17">In 2012, during a conference in Rome about Late Antique plates decorated with engravings, I presented a paper about the potentially very useful contribute that the Epigraphic Database Bari (EDB) could offer <text:s/>to study and to interpret the notion and the use of images (signs, symbols, figures and so on) by the Christians of Rome in Late Antiquity, by analyzing the inscriptions stored in the database [</text:span><text:span text:style-name="T43">Felle</text:span><text:span text:style-name="T17"> 2013]. </text:span></text:p><text:p text:style-name="P16"><text:span text:style-name="T17">Then, the first datum was that only a quarter of these epigraphs displays images or generical non-alphabetical signs [</text:span><text:span text:style-name="T43">Felle 2013</text:span><text:span text:style-name="T17">, p. 101] <text:s/>(fig. 1).</text:span></text:p><text:p text:style-name="P2"><draw:frame draw:style-name="fr15" draw:name="Oggetto1" text:anchor-type="as-char" svg:width="3.9839in" svg:height="2.2598in" draw:z-index="16"><draw:object xlink:href="./Object 3" xlink:type="simple" xlink:show="embed" xlink:actuate="onLoad"/><draw:image xlink:href="./ObjectReplacements/Object 3" xlink:type="simple" xlink:show="embed" xlink:actuate="onLoad"/></draw:frame></text:p><text:p text:style-name="P16"><text:span text:style-name="T26">Fig. 1</text:span><text:span text:style-name="T29">. Percentage in EDB of the &quot;illustrated inscriptions&quot; <text:s/>(chart by A. E. Felle).</text:span></text:p><text:p text:style-name="P17"><text:span text:style-name="T17"><text:s/></text:span></text:p><text:p text:style-name="P16"><text:span text:style-name="T17">After storing in EDB other 10000 inscriptions, since 2012 to the present day, the percentage of figured inscriptions is still the same: then, I think that we are able to consider this datum enough sure; so we are able to partially correct the common idea that using images in written monuments is a recurrent, typical and characteristic feature of almost all the Early Christian inscriptions.</text:span></text:p><text:p text:style-name="P16"><text:span text:style-name="T17">The second datum defined by the 2012 survey was the proportional decreasing of the use of different kind of images from the first decades of the IV century (the age of Constantine), when a huge and pervasive use of the so-called </text:span><text:span text:style-name="T19">signa Christi -</text:span><text:span text:style-name="T17"> first of all the Chi-Rho monogram, with all its variations - prevails on all the other signs and figures [</text:span><text:span text:style-name="T43">Felle 2013</text:span><text:span text:style-name="T17">, 101-102].</text:span></text:p><text:p text:style-name="P16"><text:span text:style-name="T17">Carlo Carletti explained this phenomenon as the result of a will to display </text:span><text:span text:style-name="T19">explicit </text:span><text:span text:style-name="T17">signs of a religious identity, such the Chi-Rho monogram is [</text:span><text:span text:style-name="T43">Carletti 2008, 68-72; Felle</text:span><text:span text:style-name="T17"> 2007, 365-366]. But we have to underline </text:span><text:soft-page-break/><text:span text:style-name="T17">that the phenomenon is not exclusive of Christian patrons. We observe more and more recurrent similar &quot;signs of identity&quot; also among inscriptions commissioned by Jews, not only in Rome but also in other contexts in Late Antiquity world where they were [</text:span><text:span text:style-name="T43">Felle</text:span><text:span text:style-name="T17"> 2007, </text:span><text:span text:style-name="T20">passim</text:span><text:span text:style-name="T17">; </text:span><text:span text:style-name="T43">Felle,</text:span><text:span text:style-name="T17"> in press]. <text:s text:c="2"/></text:span></text:p><text:p text:style-name="P16"><text:span text:style-name="T17">Going back to the inscriptions by Christians, the use of </text:span><text:span text:style-name="T19">signa Christi </text:span><text:span text:style-name="T18"><text:s/>in form of monograms </text:span><text:span text:style-name="T17">strongly reduces the use of <text:s/>other christological signs or figures, as for instance the anchor: this one, very recurrent during all III century, disappears completely and very quickly, already in the very first decades of IV century [</text:span><text:span text:style-name="T43">Felle </text:span><text:span text:style-name="T17">2012, 103] (fig. 2).</text:span></text:p><text:p text:style-name="P18"/><text:p text:style-name="P1"><draw:frame draw:style-name="fr15" text:anchor-type="as-char" svg:width="4.2839in" svg:height="3.2134in" draw:z-index="17"><draw:object xlink:href="./Object 5" xlink:type="simple" xlink:show="embed" xlink:actuate="onLoad"/><draw:image xlink:href="./ObjectReplacements/Object 5" xlink:type="simple" xlink:show="embed" xlink:actuate="onLoad"/></draw:frame></text:p><text:p text:style-name="P1"><text:span text:style-name="T27">Fig. 2. </text:span><text:span text:style-name="T30">Use of different images in inscriptions by Christians of Rome between III and IV cent. (chart by A. E. Felle)</text:span></text:p><text:p text:style-name="P18"/><text:p text:style-name="P16"><text:span text:style-name="T17">Since its conception, EDB recorded the presence and the different kinds of various </text:span><text:span text:style-name="T19">signa Christi</text:span><text:span text:style-name="T18">,</text:span><text:span text:style-name="T17"> both by a checkbox and in the text field, with </text:span><text:span text:style-name="T19">standardized</text:span><text:span text:style-name="T17"> descriptions, with the aim to easily retrieve them in the database and to get valuable results from structured queries about their recurrence.</text:span></text:p><text:p text:style-name="P16"><text:span text:style-name="T17">The results of the 2012 study were mainly of </text:span><text:span text:style-name="T19">quantitative</text:span><text:span text:style-name="T17"> nature; today, by the existing large repositories of images in EDB – as like in general in EAGLE and in other similar epigraphic projects – we can improve the </text:span><text:span text:style-name="T19">qualitative</text:span><text:span text:style-name="T17"> analysis of this and other features of Late Antique inscriptions.</text:span></text:p><text:p text:style-name="P16"><text:soft-page-break/><text:span text:style-name="T17">First of all, <text:s/>we have to say that in EDB we faced huge difficulties about the treatment of images other than </text:span><text:span text:style-name="T19">signa Christi</text:span><text:span text:style-name="T17">, or generally other non-alphabetical signs, or also captions related to figures on the slabs, and so on. Indeed, at the moment we are still not able to automatically obtain by EDB a </text:span><text:span text:style-name="T20">structured</text:span><text:span text:style-name="T17"> index of the repertoire of the images. As in other epigraphic databases, in EDB they are recorded directly reporting their descriptions as like they are in printed editions (sometimes very old, as the first volumes of ICVR, for instance); there, in absence of pictures, the so-called </text:span><text:span text:style-name="T20">anaglypha</text:span><text:span text:style-name="T17"> are concisely described by simplified and repetitive </text:span><text:span text:style-name="T20">clichées</text:span><text:span text:style-name="T17"> to suggest</text:span><text:span text:style-name="T20"> </text:span><text:span text:style-name="T17">the depicted subjects to the readers (fig. 3) or by brief descriptions in Latin in transcriptions or also in the commentaries (fig. 4). </text:span></text:p><text:p text:style-name="P18"/><text:p text:style-name="P18"/><text:p text:style-name="P2"><draw:frame draw:style-name="fr3" draw:name="Immagine 13" text:anchor-type="as-char" svg:width="4.1693in" svg:height="2.0311in" draw:z-index="5"><draw:image xlink:href="Pictures/1000000000000500000003C03A73EE4ED1A01BAD.jpg" xlink:type="simple" xlink:show="embed" xlink:actuate="onLoad"/><svg:desc>DSC03785</svg:desc></draw:frame></text:p><text:p text:style-name="P9"/><text:p text:style-name="P2"><draw:frame draw:style-name="fr4" draw:name="Immagine 11" text:anchor-type="as-char" svg:width="4.0425in" svg:height="1.039in" draw:z-index="6"><draw:image xlink:href="Pictures/10000000000003C000000500E322B0638CEA4221.png" xlink:type="simple" xlink:show="embed" xlink:actuate="onLoad"/><svg:desc>DSC03786</svg:desc></draw:frame></text:p><text:p text:style-name="P1"><text:span text:style-name="T27">Fig. 3. </text:span><text:span text:style-name="T31">Rome</text:span><text:span text:style-name="T32">,</text:span><text:span text:style-name="T34"> </text:span><text:span text:style-name="T32">coemeterium Hippolyti, </text:span><text:span text:style-name="T31">now in the Vatican Museums. Photo (from </text:span><text:span text:style-name="T32">Iscrizioni </text:span><text:span text:style-name="T31">1997, sch. 3.12.14) <text:s/>and edition <text:s/>in ICVR, VII 19820.</text:span></text:p><text:p text:style-name="P18"/><text:p text:style-name="P19"/><text:p text:style-name="P18"/><text:p text:style-name="P18"/><text:p text:style-name="P18"/><text:p text:style-name="P2"><text:soft-page-break/><draw:frame draw:style-name="fr5" draw:name="Immagine 14" text:anchor-type="as-char" svg:width="3.2291in" svg:height="0.9898in" draw:z-index="7"><draw:image xlink:href="Pictures/1000000000000500000003C0D69A11CB871B7C6F.png" xlink:type="simple" xlink:show="embed" xlink:actuate="onLoad"/><svg:desc>C:\Documents and Settings\User\Documenti\Antonio\Pani, ottobre 2004\Immagini Pani\DSC03833.JPG</svg:desc></draw:frame></text:p><text:p text:style-name="P2"><draw:frame draw:style-name="fr6" draw:name="Immagine1" text:anchor-type="as-char" svg:width="3.7882in" svg:height="0.8835in" draw:z-index="8"><draw:image xlink:href="Pictures/100000000000099000000CC01C948D311ACDE120.png" xlink:type="simple" xlink:show="embed" xlink:actuate="onLoad"/><svg:desc>C:\Users\AEF\Dropbox\01, Lavori in corso\2016, 01, EAGLE Final Conference in Rome\20151015_194447.jpg</svg:desc></draw:frame></text:p><text:p text:style-name="P1"><text:span text:style-name="T27">Fig. 4. </text:span><text:span text:style-name="T31">Rome</text:span><text:span text:style-name="T32">,</text:span><text:span text:style-name="T34"> </text:span><text:span text:style-name="T32">coemeterium Maius, </text:span><text:span text:style-name="T31">now in the Vatican Museums</text:span><text:span text:style-name="T32">.</text:span><text:span text:style-name="T31"> Photo (from </text:span><text:span text:style-name="T32">Iscrizioni</text:span><text:span text:style-name="T31"> 1997, sch. 3.8.3) and edition in ICVR, VIII 22407</text:span><text:span text:style-name="T17">.</text:span></text:p><text:p text:style-name="P18"/><text:p text:style-name="P16"><text:span text:style-name="T17">Often, these descriptions are different although indicating the same subjects: in the ICVR, the reason of this disomogeneity is not only the </text:span><text:span text:style-name="T19">longue durée</text:span><text:span text:style-name="T17"> of the realization of the corpus (seventy years, since 1922 to 1992, when the last published volume, the tenth, appeared) but also a refined textual </text:span><text:span text:style-name="T19">variatio. </text:span><text:span text:style-name="T18">Surely it </text:span><text:span text:style-name="T17">can be appreciated in printed editions but, for the aim of our digital archives, produces real difficulties. </text:span></text:p><text:p text:style-name="P16"><text:span text:style-name="T17">Some examples: in EDB different verbal descriptions about the some subject are recorded, such as </text:span><text:span text:style-name="T20">avis uvam pascitur </text:span><text:span text:style-name="T17">(</text:span><text:span text:style-name="T20">e.g.</text:span><text:span text:style-name="T17"> ICVR, III 8114a, b, c, e)</text:span><text:span text:style-name="T20">, </text:span><text:span text:style-name="T18">or</text:span><text:span text:style-name="T20"> avis uvas pascitur </text:span><text:span text:style-name="T17">(ICVR, III 8004b)</text:span><text:span text:style-name="T20">; </text:span><text:span text:style-name="T17">or </text:span><text:span text:style-name="T20"><text:s/></text:span><text:span text:style-name="T18">also</text:span><text:span text:style-name="T20"> avis racemum carpens </text:span><text:span text:style-name="T17">(ICVR, IX 24020)</text:span><text:span text:style-name="T20">, avis racemum carpit</text:span><text:span text:style-name="T17"> (ICVR V, 14157)</text:span><text:span text:style-name="T20">, avis racemum pascitur </text:span><text:span text:style-name="T17">(ICVR, V 15194), </text:span><text:span text:style-name="T20">avis racemum rostro carpit </text:span><text:span text:style-name="T17">(ICVR, IV 10934): it is not easy to perceive some difference)</text:span><text:span text:style-name="T20">.</text:span><text:span text:style-name="T17"> However, this </text:span><text:span text:style-name="T20">variatio </text:span><text:span text:style-name="T17">prevents right results in retrieving data in our database. </text:span></text:p><text:p text:style-name="P16"><text:span text:style-name="T17">Moreover, recording in EDB descriptions with different words for the same illustrated subject, <text:s/>such as &quot;</text:span><text:span text:style-name="T20">avis, racemus</text:span><text:span text:style-name="T17">&quot; <text:s/>(EDB 19827: ICVR, III 9311, see fig. 5a) or </text:span><text:span text:style-name="T20"><text:s/></text:span><text:span text:style-name="T17">&quot;</text:span><text:span text:style-name="T20">avis cum racemo</text:span><text:span text:style-name="T17">&quot; (EDB 24933: ICVR, III 8044, see fig. 5b)</text:span><text:span text:style-name="T20"> </text:span><text:span text:style-name="T17">we are not able to retrieve all the occurrences of this same subject, because they are recorded (both n ICVR and in EDB) in different ways.</text:span></text:p><text:p text:style-name="P18"/><text:p text:style-name="P1"><draw:frame draw:style-name="fr7" draw:name="Immagine 1" text:anchor-type="as-char" svg:width="1.9984in" svg:height="0.8701in" draw:z-index="9"><draw:image xlink:href="Pictures/100000000000099000000CC0E141D059A103E625.png" xlink:type="simple" xlink:show="embed" xlink:actuate="onLoad"/><svg:desc>C:\Users\AEF\Dropbox\01, Lavori in corso\2016, 01, EAGLE Final Conference in Rome\20151015_212643.jpg</svg:desc></draw:frame><text:span text:style-name="T17"> a <text:s text:c="6"/>b </text:span><text:span text:style-name="T17"><draw:frame draw:style-name="fr8" draw:name="Immagine2" text:anchor-type="as-char" svg:width="1.6563in" svg:height="0.8181in" draw:z-index="10"><draw:image xlink:href="Pictures/100000000000099000000CC0C1BC8F8875A418B1.png" xlink:type="simple" xlink:show="embed" xlink:actuate="onLoad"/><svg:desc>C:\Users\AEF\Dropbox\01, Lavori in corso\2016, 01, EAGLE Final Conference in Rome\20151015_202025.jpg</svg:desc></draw:frame></text:span></text:p><text:p text:style-name="P1"><text:span text:style-name="T27">Fig. 5</text:span><text:span text:style-name="T31">. Rome, catacomb of Domitilla. Edition of <text:s/>ICVR, III 9311 (a) and <text:s/>ICVR, <text:s/>III 8044 (b). <text:s text:c="6"/></text:span></text:p><text:p text:style-name="P18"/><text:p text:style-name="P16"><text:soft-page-break/><text:span text:style-name="T17"><text:s/>This ambiguity prevents to retrieve all the occurrences of the same illustrated subjects and then they adulterate the result of our queries: I think that we have to correct as soon as possible this ambiguity, in order to establish an unique way to describe the </text:span><text:span text:style-name="T20">anaglypha</text:span><text:span text:style-name="T17">. </text:span></text:p><text:p text:style-name="P16"><text:span text:style-name="T17">One can say that the present ease to obtain and to use digital pictures of the inscriptions overtakes this issue: surely that&apos;s true. But, I do not entirely agree with this point of view. </text:span></text:p><text:p text:style-name="P16"><text:span text:style-name="T17">In these last years - also with the kind help by the Photographic Archive of Papal Commission of Sacred Archaeology (http://www.archeologiasacra.net/pcas-web/) - <text:s/>the amount of images available in EDB increased very quickly: this is surely an advantage in respect to the situation of only three years ago. At the present day and more over in the future, we no longer need </text:span><text:span text:style-name="T20">accurate</text:span><text:span text:style-name="T17"> textual descriptions of the </text:span><text:span text:style-name="T20">anaglypha</text:span><text:span text:style-name="T17">: we can directly </text:span><text:span text:style-name="T19">see </text:span><text:span text:style-name="T17">them. But, the possibility to easily view a photo or a drawing of an inscription does not solve the issues related to search and to retrieve inscriptions bearing given kinds of image, or specific signs, and so on. <text:s/></text:span></text:p><text:p text:style-name="P16"><text:span text:style-name="T17">The relative high occurrence of images in Christian inscriptions drives EDB team to try to build a search-by-image, using photos and drawings, but also tagging them with standardized labels. A “high definition” analysis of non-verbal language of the inscriptions by Christians of Rome in Late Antiquity surely needs photos, drawings, and so on, but mostly needs a logical, structured, hierarchically ordered taxonomy of all non textual elements defined by controlled, firm and shared vocabulary: a </text:span><text:span text:style-name="T19">thesaurus imaginum</text:span><text:span text:style-name="T19"><text:note text:id="ftn1" text:note-class="footnote"><text:note-citation>1</text:note-citation><text:note-body><text:p text:style-name="P31"><text:span text:style-name="footnote_20_reference"><text:span text:style-name="T35"/></text:span><text:span text:style-name="T36"> </text:span><text:span text:style-name="T38">Surely the experiences of other projects can be useful to this aim</text:span><text:span text:style-name="T36">: I think for instance to the solutions presented during the </text:span><text:span text:style-name="T37">VIth EAGLE International Event in Bari by the lecture offered by Rebecca Benefiel and Holly Sypniewski about the </text:span><text:span text:style-name="T39">Ancient Graffiti of Herculaneum </text:span><text:span text:style-name="T36">project</text:span><text:span text:style-name="T37">.</text:span></text:p></text:note-body></text:note></text:span><text:span text:style-name="T18">, that can be a suitable tool also to trail the </text:span><text:span text:style-name="T17">activity of different stonecutters’ workshops that served – in the case of EDB inscriptions - the various users of the Roman Christian catacombs. </text:span></text:p><text:p text:style-name="P8"/><text:p text:style-name="P1"><text:span text:style-name="T24">2</text:span><text:span text:style-name="T25">. </text:span><text:span text:style-name="T24">Visual features of the &apos;written monuments&apos;.</text:span><text:span text:style-name="T25"> <text:s/></text:span></text:p><text:p text:style-name="P16"><text:span text:style-name="T17">The issue of the &quot;illustrated inscriptions&quot; brings us to consider more broadly the visual features of inscriptions overall. The ancient epigraphs are conceived not only as texts to be read (very few people were able to do it) but also - and, maybe, firstly - </text:span><text:span text:style-name="T18">as </text:span><text:span text:style-name="T17">objects to be seen. I think that we have to realize this perspective - common in Christian epigraphy studies after all - to understand the communication power of this communicative </text:span><text:span text:style-name="T20">medium</text:span><text:span text:style-name="T17">. In</text:span><text:soft-page-break/><text:span text:style-name="T17">deed, the topic has been assumed as main theme of the last International Congress of Greek and Latin Epigraphy in Berlin in 2012 [</text:span><text:span text:style-name="T50">Öffentlichkeit </text:span><text:span text:style-name="T51">2014]</text:span><text:span text:style-name="T17">; very recently, a just published volume collects various essays about this same topic just about the Late Antique, Medieval (both Christian and Islamic) world, where this notion of the inscriptions as &apos;written monuments&apos; stands out with strong evidence [see </text:span><text:span text:style-name="T43">Eastmond</text:span><text:span text:style-name="T17"> 2015]. </text:span></text:p><text:p text:style-name="P16"><text:span text:style-name="T17">In our projects - we have to admit it - <text:s/>the notion that inscriptions are </text:span><text:span text:style-name="T20">essentially</text:span><text:span text:style-name="T17"> texts is still largely prevailing: but now we can - consequently, we must - to increase our capability to represent, to record and so to investigate <text:s/>also other, </text:span><text:span text:style-name="T18">visual features</text:span><text:span text:style-name="T17"> of inscriptions. </text:span></text:p><text:p text:style-name="P19"/><text:p text:style-name="P16"><text:span text:style-name="T21">2.1. Positioning</text:span></text:p><text:p text:style-name="P16"><text:span text:style-name="T17">First of all, I think to the </text:span><text:span text:style-name="T22">positioning of the epigraphs in the contexts</text:span><text:span text:style-name="T17"> for which they were created. About EDB, we already presented in the EAGLE Conference in Paris in 2014 a first attempt to record and to describe the exact positioning of the inscriptions still found in their original spot, by sharing data with the Domitilla-Projekt (by the Österreichische Akademie der Wissenschaften and the Deutsches Archäologisches Institut) focused to the frescoes of the catacomb of Domitilla along via Ardeatina, the largest one in Rome suburb [</text:span><text:span text:style-name="T43">Felle - Zimmermann 2014</text:span><text:span text:style-name="T17">]. The positive collaboration between our two projects <text:s/>continued: now we are able to offer to EDB users to view on the updated map of the catacomb of Domitilla the distribution of the inscriptions still </text:span><text:span text:style-name="T20">in situ </text:span><text:span text:style-name="T17">in the four levels of the subterranean cemetery: one can use them as reliable documents to (re-)consider the history of the complex, to confirm or to deny the ideas about chronology of its excavation and of its frescoes and about the using of the different zones of the catacomb.</text:span></text:p><text:p text:style-name="P19"/><text:p text:style-name="P16"><text:span text:style-name="T21">2.2. Materials and shape </text:span></text:p><text:p text:style-name="P16"><text:span text:style-name="T22">Materials and shape of the written objects</text:span><text:span text:style-name="T17"> communicate im-mediately, </text:span><text:span text:style-name="T20">to all</text:span><text:span text:style-name="T17">, before the inscribed texts. Because now we can do it, we have to display to the users of our projects the real communicative power of the inscriptions, <text:s/>that assume much more meaningfulness when we can see them than when we can read their only texts in a library. By pictures and 3D rendering of the places where the epigraphs were arranged we should be able also to provide virtual images of inscriptions <text:s/>- also lost or incomplete - conceived to be seen and read exactly there. An effective example can be the dedication by pope Damasus (366-384) to the martyr </text:span><text:span text:style-name="T20">Ianuarius</text:span><text:span text:style-name="T17"> in the catacomb of Praetextatus on the via Appia (fig. 6). </text:span></text:p><text:p text:style-name="P2"><text:soft-page-break/><draw:frame draw:style-name="fr9" draw:name="Immagine3" text:anchor-type="as-char" svg:width="3.422in" svg:height="1.6575in" draw:z-index="11"><draw:image xlink:href="Pictures/1000000000000EE80000073C08B17B0C002B5976.jpg" xlink:type="simple" xlink:show="embed" xlink:actuate="onLoad"/><svg:desc>F:\Antonio\Immagini lavoro Antonio\Icvr, immagini\13871.JPG</svg:desc></draw:frame></text:p><text:p text:style-name="P2"><draw:frame draw:style-name="fr10" draw:name="Immagine 2" text:anchor-type="as-char" svg:width="3.9925in" svg:height="3.5665in" draw:z-index="12"><draw:image xlink:href="Pictures/10000000000003B30000034EC989EFCCDDB4BD22.jpg" xlink:type="simple" xlink:show="embed" xlink:actuate="onLoad"/><svg:desc>F:\Antonio\Immagini lavoro Antonio\Roma\Suburbio\Pretestato\Pretestato, san gennaro in 3d.jpg</svg:desc></draw:frame></text:p><text:p text:style-name="P1"><text:span text:style-name="T28">Fig. 6.</text:span><text:span text:style-name="T31"> Rome, catacomb of Praetextatus. Damasus’ dedicatory inscription (ICVR, V 13871) for the martyr </text:span><text:span text:style-name="T33">Ianuarius</text:span><text:span text:style-name="T31"> (Photo: PCAS; 3D rendering: G. De Felice).</text:span></text:p><text:p text:style-name="P18"/><text:p text:style-name="P16"><text:span text:style-name="T17">The bishop of Rome reaches his aim to capture the gaze also of </text:span><text:span text:style-name="T20">illiterate</text:span><text:span text:style-name="T17"> faithfuls by placing a very large slab of white marble over the tomb of the martyr, well-lighted by a skylight made on purpose, in strong contrast to the darkness of the neighbouring galleries of the subterranean cemetery. <text:s/></text:span></text:p><text:p text:style-name="P16"><text:span text:style-name="T17">Also the text is aimed at the same goal: the dedication is brief and simple, inscribed using a special writing, very carefully carved by using a font specially elaborated for Damasus&apos; inscriptions by the fashionable designer </text:span><text:soft-page-break/><text:span text:style-name="T17">Furius Dionysius Philocalus. The contrast with the common inscriptions in the catacombs, often made by reused marble pieces or bricks, and very often (not always!) written with rough letters, is impressive. The bishop&apos;s intervention is more meaningfully revealed to all by the visual features of his inscriptions than by their only (metrical or not) texts. </text:span></text:p><text:p text:style-name="P16"><text:span text:style-name="T17">This notion about written monuments is more and more diffused in Western Early Middle Ages and also in Byzantium: one has no need to read, to perceive the actual and effective messages displayed by inscriptions placed within the fabric of the walls of Byzantine cities, such as Constantinople or Thessaloniki (fig. 7).</text:span></text:p><text:p text:style-name="P1"><draw:frame draw:style-name="fr11" draw:name="Immagine 3" text:anchor-type="as-char" svg:width="4.3701in" svg:height="2.2335in" draw:z-index="13"><draw:image xlink:href="Pictures/100000000000120000000C00048B848446F09753.jpg" xlink:type="simple" xlink:show="embed" xlink:actuate="onLoad"/><svg:desc>F:\Antonio\Immagini lavoro Antonio\Salonicco, 2015 gennaio\Mura\DSC_1540.JPG</svg:desc></draw:frame></text:p><text:p text:style-name="P1"><text:span text:style-name="T28">Fig. 7.</text:span><text:span text:style-name="T31"> Thessaloniki, city walls. Inscriptions in the masonry of a tower near Eptapyrgion (photo: A. E. Felle).</text:span></text:p><text:p text:style-name="P18"/><text:p text:style-name="P18"/><text:p text:style-name="P16"><text:span text:style-name="T17">There, the inscriptions are not carved in marble slabs or stone blocks, but they are realized with the same materials of the walls: simple bricks, but disposed to obtain letters </text:span><text:span text:style-name="T20">and</text:span><text:span text:style-name="T17"> signs </text:span><text:span text:style-name="T20">and </text:span><text:span text:style-name="T17">symbols, visible also from afar. The inscriptions explain the walls; the walls speak its </text:span><text:span text:style-name="T20">raisons d&apos;être</text:span><text:span text:style-name="T17"> by the inscriptions, that are in different cases rich of abbreviations, closed to the reading but open to the sight: writing appears </text:span><text:span text:style-name="T20">intrinsically</text:span><text:span text:style-name="T17"> significant. In my opinion, this notion is clearly demonstrated by the unnecessary captions in the icons and in the images of martyrs (fig. 8), where <text:s/>- on closer view - the inscriptions are completely useless, if we continue to consider them only as texts to be read. </text:span></text:p><text:p text:style-name="P18"/><text:p text:style-name="P2"><text:soft-page-break/><draw:frame draw:style-name="fr9" draw:name="Immagine 5" text:anchor-type="as-char" svg:width="4.2319in" svg:height="3.6252in" draw:z-index="14"><draw:image xlink:href="Pictures/100000000000043000000396A2ABF2E9334E7B91.jpg" xlink:type="simple" xlink:show="embed" xlink:actuate="onLoad"/><svg:desc>F:\Antonio\Immagini lavoro Antonio\Roma\Suburbio\sant&apos;Agnese\Santa Agnese onoriana 3.jpg</svg:desc></draw:frame></text:p><text:p text:style-name="P11"/><text:p text:style-name="P1"><text:span text:style-name="T28">Fig. 8. </text:span><text:span text:style-name="T31">Rome, basilica of the martyr Agnes on the via Nomentana. Apse mosaic with the image of the martyr with the “useless” caption <text:s/></text:span><text:span text:style-name="T33">s(an)c(t)a Agnes</text:span><text:span text:style-name="T31"> (photo: A. E. Felle).</text:span></text:p><text:p text:style-name="P19"/><text:p text:style-name="P19"/><text:p text:style-name="P19"/><text:p text:style-name="P19"/><text:p text:style-name="P16"><text:span text:style-name="T21">2.3. Relationship with the context</text:span></text:p><text:p text:style-name="P16"><text:span text:style-name="T17">Indeed - more over in Late Antiquity and Middle Ages - readability of the texts is not the main property of inscriptions: rather, the main condition appears their </text:span><text:span text:style-name="T22">relationship with their contexts</text:span><text:span text:style-name="T17">. An incisive example can be offered by the Christian inscriptions bearing biblical quotations [cfr. F</text:span><text:span text:style-name="T43">elle</text:span><text:span text:style-name="T17"> 2006]: in the middle of the bronze plating of the marble lintel over the Great Door of the Royal Gates of the Haghia Sophia in Constantinople, an empty throne is occupied by an open </text:span><text:span text:style-name="T20">codex</text:span><text:span text:style-name="T17">, according to the words by </text:span><text:span text:style-name="T7">Kähler,</text:span><text:span text:style-name="T17"> &quot;the only extant plastic composition dating</text:span><text:span text:style-name="T9"> from the founding period of the church&quot; [</text:span><text:span text:style-name="T44">Kähler </text:span><text:span text:style-name="T1">1967, pp. 29-30; </text:span><text:span text:style-name="T9">32 taff. 22; 62] (fig. 9)</text:span><text:span text:style-name="T1">.</text:span></text:p><text:p text:style-name="P16"><text:span text:style-name="T52"><text:s/></text:span><text:span text:style-name="T53">Fig</text:span></text:p><text:p text:style-name="P20"/><text:p text:style-name="P16"><text:soft-page-break/><text:span text:style-name="T1">On </text:span><text:span text:style-name="T9">the open </text:span><text:span text:style-name="T4">codex</text:span><text:span text:style-name="T9"> is inscribed a focused - but barely readable - quotation from John 10, verses 7 and 9, where Jesus indicates himself as </text:span><text:span text:style-name="T4">the gate</text:span><text:span text:style-name="T9">:</text:span><text:span text:style-name="T4"> </text:span></text:p><text:p text:style-name="P23"/><text:p text:style-name="P16"><text:span text:style-name="T54">John 10.7</text:span><text:span text:style-name="T56">: </text:span><text:span text:style-name="T57">Εἶπεν</text:span><text:span text:style-name="T56"> οὖν πάλιν ὁ ᾿Ιησοῦς, ᾿Αμὴν ἀμὴν λέγω ὑμῖν ὅτι </text:span><text:span text:style-name="T57">ἐγώ εἰμι ἡ θύρα τῶν προβάτων</text:span><text:span text:style-name="T56">. (Therefore Jesus said again, ‘Very truly I tell you, I am the gate for the sheep); </text:span></text:p><text:p text:style-name="P24"><draw:frame draw:style-name="fr12" draw:name="Immagine 6" text:anchor-type="char" svg:x="0.0217in" svg:y="0.5992in" svg:width="1.7398in" svg:height="2.8854in" draw:z-index="2"><draw:image xlink:href="Pictures/10000000000007B000000CC05D3FBC850C03C1A8.jpg" xlink:type="simple" xlink:show="embed" xlink:actuate="onLoad"/><svg:desc>F:\Antonio\Immagini lavoro Antonio\Bibbia ed epigrafia, immagini\505, Constantinopoli (2).jpg</svg:desc><draw:contour-polygon svg:width="27.8165in" svg:height="45.178in" svg:viewBox="0 0 70654 114752" draw:points="-816,0 -816,114752 69838,114752 69838,0" draw:recreate-on-edit="false"/></draw:frame><draw:frame draw:style-name="fr13" draw:name="Immagine 7" text:anchor-type="char" svg:x="1.7717in" svg:y="0.5992in" svg:width="2.6201in" svg:height="2.5626in" draw:z-index="1"><draw:image xlink:href="Pictures/10000000000007B000000CC05DB2E4DCF8CCCB91.jpg" xlink:type="simple" xlink:show="embed" xlink:actuate="onLoad"/><svg:desc>F:\Antonio\Immagini lavoro Antonio\Bibbia ed epigrafia, immagini\505, Constantinopoli (1).jpg</svg:desc><draw:contour-polygon svg:width="27.5937in" svg:height="44.9724in" svg:viewBox="0 0 70088 114230" draw:points="-536,0 -536,114230 69552,114230 69552,0" draw:recreate-on-edit="false"/></draw:frame><draw:custom-shape text:anchor-type="char" draw:z-index="4" draw:style-name="gr1" draw:text-style-name="P32" svg:width="0.698in" svg:height="0.0106in" svg:x="1.1465in" svg:y="1.2228in"><text:p/><draw:enhanced-geometry draw:mirror-vertical="true" svg:viewBox="0 0 21600 21600" draw:type="mso-spt32" draw:enhanced-path="M 0 0 L 21600 21600 N"/></draw:custom-shape><draw:frame draw:style-name="fr2" text:anchor-type="char" svg:x="0.8756in" svg:y="1.0693in" svg:width="0.2709in" svg:height="0.3228in" draw:z-index="3"><draw:text-box><text:p text:style-name="Frame_20_contents"/></draw:text-box></draw:frame><text:span text:style-name="T54">John 10, 9</text:span><text:span text:style-name="T56">: ἐγώ εἰμι ἡ θύρα· </text:span><text:span text:style-name="T57">δι&apos; ἐμοῦ ἐάν τις εἰσέλθῃ</text:span><text:span text:style-name="T56"> σωθήσεται καὶ </text:span><text:span text:style-name="T57">εἰσελεύσεται καὶ ἐξελεύσεται καὶ νομὴν εὑρήσει</text:span><text:span text:style-name="T56"> <text:s/>( </text:span><text:span text:style-name="T14">9</text:span><text:span text:style-name="T56">I am the gate; whoever enters through me will be saved.</text:span><text:span text:style-name="T14">[</text:span><text:a xlink:type="simple" xlink:href="https://www.biblegateway.com/passage/?version=NIVUK&amp;search=John%2010#fen-NIVUK-26491a" text:style-name="Internet_20_link" text:visited-style-name="Visited_20_Internet_20_Link"><text:span text:style-name="T14">a</text:span></text:a><text:span text:style-name="T14">]</text:span><text:span text:style-name="T56"> They will come in and go out, and find pasture).</text:span></text:p><text:p text:style-name="P25"/><text:p text:style-name="P13"/><text:p text:style-name="P1"><text:span text:style-name="T58">Fig. 9</text:span><text:span text:style-name="T54">. Istanbul, Hagia Sophia. On the left, the Royal Gates in the narthex. On the right, the particular of the image of the throne with open inscribed </text:span><text:span text:style-name="T55">codex</text:span><text:span text:style-name="T54"> above the lintel of the central gate (from </text:span><text:span text:style-name="T47">Kähler</text:span><text:span text:style-name="T54"> 1967).</text:span></text:p><text:p text:style-name="P12"/><text:p text:style-name="P16"><text:span text:style-name="T9">This the text of the inscription [</text:span><text:span text:style-name="T45">Felle</text:span><text:span text:style-name="T9"> 2006, n. 505]:</text:span><text:span text:style-name="T4"> </text:span></text:p><text:p text:style-name="P16"><text:span text:style-name="T9">((crux)) εἶπεν ὁ κ(ύριο)ς | ἐγώ εἰμι | ἡ θύρα τῶν | προβάτων· | δι᾿ ἐμοῦ || ἐάν τις | εἰσέλθῃ | εἰσελεύσετ(αι) | κ(αὶ) ἐξελεύσετ(αι) | κ(αὶ) νομὴν | εὑρήσει.</text:span></text:p><text:p text:style-name="P21"/><text:p text:style-name="P16"><text:span text:style-name="T1">The archeological context and the mirate positioning make tangible, concrete, the sacred words; and the real presence (not necessarily the readability) of the sacred words give pr</text:span><text:span text:style-name="T7">oper and strong sense to their material support and to entire context, the Royal Gates of the Great Church of Constantinoples [</text:span><text:span text:style-name="T46">Felle</text:span><text:span text:style-name="T7"> 2015, p. 320 and </text:span><text:span text:style-name="T5">passim</text:span><text:span text:style-name="T8">]</text:span><text:span text:style-name="T7">.</text:span></text:p><text:p text:style-name="P22"/><text:p text:style-name="P16"><text:soft-page-break/><text:span text:style-name="T11">2.4. Writing</text:span><text:span text:style-name="T7"> </text:span></text:p><text:p text:style-name="P16"><text:span text:style-name="T17">Scarce or null readability does not imply low quality of the appearance of </text:span><text:span text:style-name="T22">writing</text:span><text:span text:style-name="T17">: rather, the writing appears intrinsecally meaningful such as visual element of the equipment of a simple or rich funerary monument or of a cultual building. Then, we have to face the issue of the description of the writing not only <text:s/>from the <text:s/>necessary point of view of paleography ( we are still waiting for a shared and controlled vocabulary of paleographical definitions), but also in order to perceive and to understand its non-verbal significance: by its disposition, direction, shape. The notion of the inscriptions in the Islamic world, <text:s/>where often the letters are also - and maybe firstly - images (they are used as decorative friezes, architectural ornaments, figures) and their clearity and readability are not considered as necessary, can help us to evocate this feature of the writing (fig. 10).</text:span></text:p><text:p text:style-name="P18"/><text:p text:style-name="P2"><draw:frame draw:style-name="fr14" draw:name="Immagine 9" text:anchor-type="as-char" svg:width="4.348in" svg:height="3.2602in" draw:z-index="15"><draw:image xlink:href="Pictures/1000000000000500000003C0C4E21381892D3220.jpg" xlink:type="simple" xlink:show="embed" xlink:actuate="onLoad"/><svg:desc>F:\Antonio\Immagini lavoro Antonio\Andalusia 2004\Granada\DSC03615.JPG</svg:desc></draw:frame></text:p><text:p text:style-name="P1"><text:span text:style-name="T27">Fig. 10</text:span><text:span text:style-name="T30">. Granada, Alhambra. An example of the writing as decorative frieze and architectural ornaments (Photo: A. E. Felle)</text:span></text:p><text:p text:style-name="P19"/><text:p text:style-name="P19"/><text:p text:style-name="P19"/><text:p text:style-name="P19"/><text:p text:style-name="P19"/><text:p text:style-name="P16"><text:soft-page-break/><text:span text:style-name="T21">3. Conclusions</text:span></text:p><text:p text:style-name="P16"><text:span text:style-name="T17">The ancient inscriptions actually belong to civilizations where the literacy - with very few exception - was very far from our standard: to see an inscription with the same point of view of the most part of the citizens in Roman Empire - and mostly in Late Antiquity - <text:s/>we have to become, in some way, illiterate. </text:span></text:p><text:p text:style-name="P16"><text:span text:style-name="T17">In conclusion: we have to consider in digital descriptions of the inscriptions some their &quot;visual features&quot; that in our projects - first of all in EDB, of course - are not too considered, although they are very significant. We need, about encoding these non-verbal features, the same positive results that by Epidoc we reached <text:s/>in encoding the texts: a hard challenge.</text:span></text:p><text:p text:style-name="P10"/><text:p text:style-name="P10"/><text:p text:style-name="P5"/><text:p text:style-name="P26"><text:span text:style-name="T59">Bibliography</text:span></text:p><text:p text:style-name="P27"/><text:p text:style-name="P28"><text:span text:style-name="T42">Carletti <text:s/>2008<text:tab/>C. Carletti</text:span>, <text:span text:style-name="T60">Epigrafia dei cristiani in Occidente dal III al VII secolo. Ideologia e prassi</text:span>, Bari 2008. </text:p><text:p text:style-name="P28"><text:span text:style-name="T60">Iscrizioni</text:span> 1997<text:span text:style-name="T60"><text:tab/></text:span><text:span text:style-name="T40">Le iscrizioni dei cristiani in Vaticano</text:span><text:span text:style-name="T41">, <text:s/>a cura di I. Di Stefano Manzella, Città del Vaticano 1997.</text:span></text:p><text:p text:style-name="P28"><text:span text:style-name="T44">Eastmond 2015<text:tab/>A. Eastmond </text:span><text:span text:style-name="T1">(ed.), </text:span><text:span text:style-name="T3">Viewing Inscriptions in the Late Antique and Medieval World</text:span><text:span text:style-name="T1">, Cambridge University Press, New York 2015.</text:span></text:p><text:p text:style-name="P28"><text:span text:style-name="T48">Felle <text:s/>2006<text:tab/></text:span><text:span text:style-name="T63">B</text:span>iblia Epigraphica<text:span text:style-name="T61">.</text:span> <text:span text:style-name="T61">La Sacra Scrittura nella documentazione epigrafica dell’</text:span>Orbis christianus antiquus<text:span text:style-name="T61"> (III-VIII secolo)</text:span> <text:span text:style-name="T63">[ICI, Subsidia, V]</text:span>, Bari 2006.</text:p><text:p text:style-name="P28"><text:span text:style-name="T44">Felle <text:s/>2007<text:tab/>A. E. Felle</text:span><text:span text:style-name="T1">, </text:span><text:span text:style-name="T4">Judaism and Christianity in the light of epigraphic evidence (3</text:span><text:span text:style-name="T15">rd</text:span><text:span text:style-name="T4">-7</text:span><text:span text:style-name="T15">th</text:span><text:span text:style-name="T4"> cent. </text:span><text:span text:style-name="T61">C.E.)</text:span>, Henoch 29, 2007, pp. 354-377.</text:p><text:p text:style-name="P28"><text:span text:style-name="T42">Felle <text:s/>2013<text:tab/>A. E. Felle</text:span>, <text:span text:style-name="T61">L&apos;apporto dell&apos;Epigraphic Database Bari (EDB) all&apos;analisi dell&apos;apparato figurativo delle iscrizioni dei cristiani di Roma</text:span>, in <text:span text:style-name="T61">Incisioni figurate della Tarda antichità. Atti del Convegno di Studi (Roma, 22-23 marzo 2012), </text:span>a cura di F. Bisconti - M. Braconi, Città del Vaticano 2013, 99-112.</text:p><text:p text:style-name="P28"><text:span text:style-name="T42">Felle <text:s/>2015<text:tab/>A. E. Felle</text:span>, <text:span text:style-name="T60">Esporre la Scrittura. L&apos;uso di testi biblici in epigrafi d&apos;ambito pubblico fra tarda antichità e prima età bizantina (sec. IV-VIII), </text:span>Antiquité Tardive 23, 2015, 311-328.</text:p><text:p text:style-name="P28"><text:span text:style-name="T42">Felle</text:span> (in press)<text:tab/><text:span text:style-name="T42">A. E. Felle</text:span>, <text:span text:style-name="T62">Documenti epigrafici di committenza ebraica. </text:span><text:span text:style-name="T6">Omologazione e alterità, </text:span><text:span text:style-name="T12">in M. Pesce - A. Destro (edd.), </text:span><text:span text:style-name="T6">Texts, Practices, and Groups. Multidisciplinary approaches to the istory of Jesus Followers in the first two centuries. First Annual Meeting of Bertinoro (2-4 October 2014)</text:span><text:span text:style-name="T12">, [Judaïsme Ancien et Origines Chrétiennes, 1], Turnhout 2016, in press.</text:span></text:p><text:p text:style-name="P29"><text:span text:style-name="T44">Felle, </text:span></text:p><text:p text:style-name="P28"><text:span text:style-name="T44">Zimmermann</text:span><text:span text:style-name="T1"> 2014<text:tab/></text:span><text:span text:style-name="T45">A. E. Felle, N. Zimmermann</text:span><text:span text:style-name="T9">, </text:span><text:span text:style-name="T3">Epigraphy, Art History, Archaeology.</text:span><text:span text:style-name="T9"> </text:span><text:span text:style-name="T3">A Case of Interaction between Research Projects: The Epigraphic Database Bari (UniBa, Italy) and the Domitilla Projekt (ÖAW, Austria - DAI, Deutschland), </text:span><text:span text:style-name="T9">in</text:span><text:span text:style-name="T3"> Information Technologies for Epigraphy and Cultural Heritage. Proceedings of the First EAGLE International Conference</text:span><text:span text:style-name="T9"> <text:s/>(Paris, September 29-30 - October, 1, 2014), Roma 2014, 75-96.</text:span></text:p><text:p text:style-name="P28"><text:span text:style-name="T44">Kähler 1967<text:tab/>H. Kähler</text:span><text:span text:style-name="T1">, </text:span><text:span text:style-name="T3">Die Hagia Sophia. Mit einem Beitrag von Cyril Mango über die Mosaiken</text:span><text:span text:style-name="T1">, Berlin <text:s/>1967.</text:span></text:p><text:p text:style-name="P28"><text:soft-page-break/><text:span text:style-name="T4">Öffentlichkeit </text:span><text:span text:style-name="T9">2014<text:tab/></text:span><text:span text:style-name="T4">Öffentlichkeit - Monument - Text</text:span><text:span text:style-name="T1">. </text:span><text:span text:style-name="T4">XIV Congressus Internationalis Epigraphiae Graecae et Latinae. Akten</text:span><text:span text:style-name="T1"> </text:span><text:span text:style-name="T4">(Berlin, 27.-31. August 2012), </text:span><text:span text:style-name="T1">hrsg.</text:span><text:span text:style-name="T4"> </text:span><text:span text:style-name="T1">Eck W.-Funke P. et alii</text:span><text:span text:style-name="T4">, </text:span><text:span text:style-name="T9">Berlin</text:span><text:span text:style-name="T3"> </text:span><text:span text:style-name="T9">2014.</text:span></text:p></office:text></office:body></office:document-content>