<?xml version="1.0" encoding="UTF-8"?>
<office:document-meta xmlns:office="urn:oasis:names:tc:opendocument:xmlns:office:1.0" xmlns:xlink="http://www.w3.org/1999/xlink" xmlns:dc="http://purl.org/dc/elements/1.1/" xmlns:meta="urn:oasis:names:tc:opendocument:xmlns:meta:1.0" xmlns:ooo="http://openoffice.org/2004/office" xmlns:grddl="http://www.w3.org/2003/g/data-view#" office:version="1.2"><office:meta><meta:initial-creator>A&amp;D&amp;F&amp;L</meta:initial-creator><dc:creator>Francesco Mambrini</dc:creator><meta:editing-cycles>5</meta:editing-cycles><meta:print-date>2012-07-25T14:07:00</meta:print-date><meta:creation-date>2014-03-25T16:00:00</meta:creation-date><dc:date>2016-01-23T10:58:14.118966080</dc:date><meta:editing-duration>P1DT55M13S</meta:editing-duration><meta:generator>LibreOffice/5.0.2.2$Linux_X86_64 LibreOffice_project/00m0$Build-2</meta:generator><meta:document-statistic meta:table-count="0" meta:image-count="13" meta:object-count="2" meta:page-count="15" meta:paragraph-count="91" meta:word-count="3257" meta:character-count="19917" meta:non-whitespace-character-count="16647"/><meta:user-defined meta:name="AppVersion">12.0000</meta:user-defined><meta:user-defined meta:name="Company">Università La Sapienza</meta:user-defined><meta:user-defined meta:name="DocSecurity" meta:value-type="float">0</meta:user-defined><meta:user-defined meta:name="HyperlinksChanged" meta:value-type="boolean">false</meta:user-defined><meta:user-defined meta:name="LinksUpToDate" meta:value-type="boolean">false</meta:user-defined><meta:user-defined meta:name="ScaleCrop" meta:value-type="boolean">false</meta:user-defined><meta:user-defined meta:name="ShareDoc" meta:value-type="boolean">false</meta:user-defined><meta:template xlink:type="simple" xlink:actuate="onRequest" xlink:title="Normal.dotm" xlink:href=""/></office:meta></office:document-meta>