<?xml version="1.0" encoding="UTF-8"?>
<office:document-meta xmlns:office="urn:oasis:names:tc:opendocument:xmlns:office:1.0" xmlns:xlink="http://www.w3.org/1999/xlink" xmlns:dc="http://purl.org/dc/elements/1.1/" xmlns:meta="urn:oasis:names:tc:opendocument:xmlns:meta:1.0" xmlns:ooo="http://openoffice.org/2004/office" xmlns:grddl="http://www.w3.org/2003/g/data-view#" office:version="1.2"><office:meta><meta:initial-creator>Francesco Mambrini</meta:initial-creator><meta:creation-date>2016-01-23T11:14:21.501986377</meta:creation-date><dc:date>2016-01-23T11:23:21.435903323</dc:date><dc:creator>Francesco Mambrini</dc:creator><meta:editing-duration>PT9M</meta:editing-duration><meta:editing-cycles>1</meta:editing-cycles><meta:document-statistic meta:table-count="0" meta:image-count="1" meta:object-count="0" meta:page-count="1" meta:paragraph-count="0" meta:word-count="0" meta:character-count="0" meta:non-whitespace-character-count="0"/><meta:generator>LibreOffice/5.0.2.2$Linux_X86_64 LibreOffice_project/00m0$Build-2</meta:generator></office:meta></office:document-meta>