<?xml version="1.0" encoding="UTF-8"?>
<office:document-content xmlns:office="urn:oasis:names:tc:opendocument:xmlns:office:1.0" xmlns:style="urn:oasis:names:tc:opendocument:xmlns:style:1.0" xmlns:text="urn:oasis:names:tc:opendocument:xmlns:text:1.0" xmlns:table="urn:oasis:names:tc:opendocument:xmlns:table:1.0" xmlns:draw="urn:oasis:names:tc:opendocument:xmlns:drawing:1.0" xmlns:fo="urn:oasis:names:tc:opendocument:xmlns:xsl-fo-compatible:1.0" xmlns:xlink="http://www.w3.org/1999/xlink" xmlns:dc="http://purl.org/dc/elements/1.1/" xmlns:meta="urn:oasis:names:tc:opendocument:xmlns:meta:1.0" xmlns:number="urn:oasis:names:tc:opendocument:xmlns:datastyle:1.0" xmlns:svg="urn:oasis:names:tc:opendocument:xmlns:svg-compatible:1.0" xmlns:chart="urn:oasis:names:tc:opendocument:xmlns:chart:1.0" xmlns:dr3d="urn:oasis:names:tc:opendocument:xmlns:dr3d:1.0" xmlns:math="http://www.w3.org/1998/Math/MathML" xmlns:form="urn:oasis:names:tc:opendocument:xmlns:form:1.0" xmlns:script="urn:oasis:names:tc:opendocument:xmlns:script:1.0" xmlns:ooo="http://openoffice.org/2004/office" xmlns:ooow="http://openoffice.org/2004/writer" xmlns:oooc="http://openoffice.org/2004/calc" xmlns:dom="http://www.w3.org/2001/xml-events" xmlns:xforms="http://www.w3.org/2002/xforms" xmlns:xsd="http://www.w3.org/2001/XMLSchema" xmlns:xsi="http://www.w3.org/2001/XMLSchema-instance" xmlns:rpt="http://openoffice.org/2005/report" xmlns:of="urn:oasis:names:tc:opendocument:xmlns:of:1.2" xmlns:xhtml="http://www.w3.org/1999/xhtml" xmlns:grddl="http://www.w3.org/2003/g/data-view#" xmlns:tableooo="http://openoffice.org/2009/table" xmlns:chartooo="http://openoffice.org/2010/chart" xmlns:drawooo="http://openoffice.org/2010/draw" xmlns:calcext="urn:org:documentfoundation:names:experimental:calc:xmlns:calcext:1.0" xmlns:loext="urn:org:documentfoundation:names:experimental:office:xmlns:loext:1.0" xmlns:field="urn:openoffice:names:experimental:ooo-ms-interop:xmlns:field:1.0" xmlns:formx="urn:openoffice:names:experimental:ooxml-odf-interop:xmlns:form:1.0" xmlns:css3t="http://www.w3.org/TR/css3-text/" office:version="1.2"><office:automatic-styles><number:number-style style:name="N0"><number:number number:min-integer-digits="1"/></number:number-style><number:date-style style:name="N10036" number:language="en" number:country="US" number:automatic-order="true"><number:month number:style="long"/><number:text>/</number:text><number:day number:style="long"/><number:text>/</number:text><number:year number:style="long"/></number:date-style><style:style style:name="ch1" style:family="chart"><style:graphic-properties draw:stroke="none"/></style:style><style:style style:name="ch2" style:family="chart"><style:chart-properties chart:three-dimensional="true" chart:deep="true" chart:include-hidden-cells="false" chart:auto-position="true" chart:auto-size="true" chart:treat-empty-cells="leave-gap" loext:external-data="word/embeddings/Foglio_di_lavoro_di_Microsoft_Office_Excel2.xlsx" chart:right-angled-axes="true"/></style:style><style:style style:name="ch3" style:family="chart" style:data-style-name="N10036"><style:chart-properties chart:display-label="true" chart:logarithmic="false" chart:reverse-direction="false" text:line-break="false" chart:label-arrangement="side-by-side" chart:link-data-style-to-source="true" chart:axis-position="0" chart:tick-mark-position="at-axis"/><style:graphic-properties svg:stroke-width="0.026cm" svg:stroke-color="#878787"/><style:text-properties fo:color="#000000" style:text-position="0% 100%" fo:font-family="Verdana" fo:font-size="7pt" style:font-family-asian="Verdana" style:font-family-generic-asian="modern" style:font-pitch-asian="fixed" style:font-size-asian="7pt" style:font-family-complex="Verdana" style:font-family-generic-complex="swiss" style:font-size-complex="7pt"/></style:style><style:style style:name="ch4" style:family="chart" style:data-style-name="N0"><style:chart-properties chart:display-label="true" chart:logarithmic="false" chart:gap-width="150" chart:reverse-direction="false" text:line-break="false" chart:link-data-style-to-source="false" chart:axis-position="0" chart:tick-mark-position="at-axis"/><style:graphic-properties svg:stroke-width="0.026cm" svg:stroke-color="#878787"/><style:text-properties fo:color="#000000" style:text-position="0% 100%" fo:font-family="Cambria" fo:font-size="10pt" style:font-size-asian="10pt" style:font-size-complex="10pt"/></style:style><style:style style:name="ch5" style:family="chart"><style:graphic-properties svg:stroke-width="0.026cm" svg:stroke-color="#878787"/></style:style><style:style style:name="ch6" style:family="chart" style:data-style-name="N0"><style:chart-properties chart:display-label="true" chart:logarithmic="false" chart:reverse-direction="false" text:line-break="false" chart:label-arrangement="side-by-side" chart:link-data-style-to-source="true" chart:axis-position="0" chart:tick-mark-position="at-axis"/><style:graphic-properties svg:stroke-width="0.026cm" svg:stroke-color="#878787"/><style:text-properties fo:color="#000000" style:text-position="0% 100%" fo:font-family="Verdana" fo:font-size="7pt" style:font-family-asian="Verdana" style:font-family-generic-asian="modern" style:font-pitch-asian="fixed" style:font-size-asian="7pt" style:font-family-complex="Verdana" style:font-family-generic-complex="swiss" style:font-size-complex="7pt"/></style:style><style:style style:name="ch7" style:family="chart" style:data-style-name="N0"><style:chart-properties chart:link-data-style-to-source="true"/><style:graphic-properties draw:stroke="none" draw:fill-color="#4f81bd"/><style:text-properties fo:font-size="10pt" style:font-size-asian="10pt" style:font-size-complex="10pt"/></style:style><style:style style:name="ch8" style:family="chart" style:data-style-name="N0"><style:chart-properties chart:link-data-style-to-source="true"/><style:graphic-properties draw:stroke="none" draw:fill-color="#e46c0a"/><style:text-properties fo:font-size="10pt" style:font-size-asian="10pt" style:font-size-complex="10pt"/></style:style><style:style style:name="ch9" style:family="chart"><style:graphic-properties draw:stroke="solid" svg:stroke-width="0.026cm" svg:stroke-color="#878787" draw:fill="none" draw:fill-color="#d9d9d9"/></style:style></office:automatic-styles><office:body><office:chart><chart:chart svg:width="10.881cm" svg:height="8.161cm" xlink:href="." xlink:type="simple" chart:class="chart:bar" chart:style-name="ch1"><chart:plot-area chart:style-name="ch2" chart:data-source-has-labels="both" svg:x="0.217cm" svg:y="0.163cm" svg:width="10.447cm" svg:height="7.835cm" dr3d:transform="matrix (0.993998507596972 0.0593914715688805 -0.09186740444725 -0.0498903881867185 0.993484339362921 0.102468612790452 0.0973545893195091 -0.0972703477196616 0.990485014219259 0cm 0cm 0cm)" dr3d:vrp="(22754.0383863584 13253.3437095935 31734.872606677)" dr3d:vpn="(0.416199821709347 0.173649045905254 0.892537795986984)" dr3d:vup="(-0.0733876362771618 0.984807599917971 -0.157379306090273)" dr3d:projection="parallel" dr3d:distance="4.2cm" dr3d:focal-length="8cm" dr3d:shadow-slant="0" dr3d:shade-mode="flat" dr3d:ambient-color="#cccccc" dr3d:lighting-mode="true"><chartooo:coordinate-region svg:x="0.827cm" svg:y="0.189cm" svg:width="9.132cm" svg:height="6.269cm"/><dr3d:light dr3d:diffuse-color="#808080" dr3d:direction="(0 0 1)" dr3d:enabled="false" dr3d:specular="true"/><dr3d:light dr3d:diffuse-color="#666666" dr3d:direction="(0.2 0.4 1)" dr3d:enabled="true" dr3d:specular="false"/><dr3d:light dr3d:diffuse-color="#808080" dr3d:direction="(0 0 1)" dr3d:enabled="false" dr3d:specular="false"/><dr3d:light dr3d:diffuse-color="#808080" dr3d:direction="(0 0 1)" dr3d:enabled="false" dr3d:specular="false"/><dr3d:light dr3d:diffuse-color="#808080" dr3d:direction="(0 0 1)" dr3d:enabled="false" dr3d:specular="false"/><dr3d:light dr3d:diffuse-color="#808080" dr3d:direction="(0 0 1)" dr3d:enabled="false" dr3d:specular="false"/><dr3d:light dr3d:diffuse-color="#808080" dr3d:direction="(0 0 1)" dr3d:enabled="false" dr3d:specular="false"/><dr3d:light dr3d:diffuse-color="#808080" dr3d:direction="(0 0 1)" dr3d:enabled="false" dr3d:specular="false"/><chart:axis chart:dimension="x" chart:name="primary-x" chart:style-name="ch3" chartooo:axis-type="auto"><chartooo:date-scale/><chart:categories table:cell-range-address="local-table.$A$2:.$A$14"/></chart:axis><chart:axis chart:dimension="y" chart:name="primary-y" chart:style-name="ch4"><chart:grid chart:style-name="ch5" chart:class="major"/></chart:axis><chart:axis chart:dimension="z" chart:name="primary-z" chart:style-name="ch6"/><chart:series chart:style-name="ch7" chart:values-cell-range-address="local-table.$B$2:.$B$14" chart:label-cell-address="local-table.$B$1" chart:class="chart:bar"><chart:data-point chart:repeated="13"/></chart:series><chart:series chart:style-name="ch8" chart:values-cell-range-address="local-table.$C$2:.$C$14" chart:label-cell-address="local-table.$C$1" chart:class="chart:bar"><chart:data-point chart:repeated="13"/></chart:series><chart:wall chart:style-name="ch9"/><chart:floor chart:style-name="ch9"/></chart:plot-area><table:table table:name="local-table"><table:table-header-columns><table:table-column/></table:table-header-columns><table:table-columns><table:table-column table:number-columns-repeated="2"/></table:table-columns><table:table-header-rows><table:table-row><table:table-cell><text:p/></table:table-cell><table:table-cell office:value-type="string"><text:p>IV cent.</text:p></table:table-cell><table:table-cell office:value-type="string"><text:p>III cent.</text:p></table:table-cell></table:table-row></table:table-header-rows><table:table-rows><table:table-row><table:table-cell office:value-type="string"><text:p>avis</text:p></table:table-cell><table:table-cell office:value-type="float" office:value="24"><text:p>24</text:p></table:table-cell><table:table-cell office:value-type="float" office:value="29"><text:p>29</text:p></table:table-cell></table:table-row><table:table-row><table:table-cell office:value-type="string"><text:p>ancora</text:p></table:table-cell><table:table-cell office:value-type="float" office:value="3"><text:p>3</text:p></table:table-cell><table:table-cell office:value-type="float" office:value="27"><text:p>27</text:p></table:table-cell></table:table-row><table:table-row><table:table-cell office:value-type="string"><text:p>palma</text:p></table:table-cell><table:table-cell office:value-type="float" office:value="9"><text:p>9</text:p></table:table-cell><table:table-cell office:value-type="float" office:value="12"><text:p>12</text:p></table:table-cell></table:table-row><table:table-row><table:table-cell office:value-type="string"><text:p>piscis</text:p></table:table-cell><table:table-cell office:value-type="float" office:value="1"><text:p>1</text:p></table:table-cell><table:table-cell office:value-type="float" office:value="5"><text:p>5</text:p></table:table-cell></table:table-row><table:table-row><table:table-cell office:value-type="string"><text:p>pastor</text:p></table:table-cell><table:table-cell office:value-type="float" office:value="1.5"><text:p>1.5</text:p></table:table-cell><table:table-cell office:value-type="float" office:value="3"><text:p>3</text:p></table:table-cell></table:table-row><table:table-row><table:table-cell office:value-type="string"><text:p>arbor</text:p></table:table-cell><table:table-cell office:value-type="float" office:value="2"><text:p>2</text:p></table:table-cell><table:table-cell office:value-type="float" office:value="3"><text:p>3</text:p></table:table-cell></table:table-row><table:table-row><table:table-cell office:value-type="string"><text:p>vas</text:p></table:table-cell><table:table-cell office:value-type="float" office:value="4"><text:p>4</text:p></table:table-cell><table:table-cell office:value-type="float" office:value="3"><text:p>3</text:p></table:table-cell></table:table-row><table:table-row><table:table-cell office:value-type="string"><text:p>ovis</text:p></table:table-cell><table:table-cell office:value-type="float" office:value="1"><text:p>1</text:p></table:table-cell><table:table-cell office:value-type="float" office:value="2"><text:p>2</text:p></table:table-cell></table:table-row><table:table-row><table:table-cell office:value-type="string"><text:p>orans</text:p></table:table-cell><table:table-cell office:value-type="float" office:value="3"><text:p>3</text:p></table:table-cell><table:table-cell office:value-type="float" office:value="2"><text:p>2</text:p></table:table-cell></table:table-row><table:table-row><table:table-cell office:value-type="string"><text:p>malleus</text:p></table:table-cell><table:table-cell office:value-type="float" office:value="1"><text:p>1</text:p></table:table-cell><table:table-cell office:value-type="float" office:value="0.600000000000001"><text:p>0.600000000000001</text:p></table:table-cell></table:table-row><table:table-row><table:table-cell office:value-type="string"><text:p>delphinus</text:p></table:table-cell><table:table-cell office:value-type="float" office:value="0.5"><text:p>0.5</text:p></table:table-cell><table:table-cell office:value-type="float" office:value="0.600000000000001"><text:p>0.600000000000001</text:p></table:table-cell></table:table-row><table:table-row><table:table-cell office:value-type="string"><text:p>scalprum</text:p></table:table-cell><table:table-cell office:value-type="float" office:value="0.5"><text:p>0.5</text:p></table:table-cell><table:table-cell office:value-type="float" office:value="0.5"><text:p>0.5</text:p></table:table-cell></table:table-row><table:table-row><table:table-cell office:value-type="string"><text:p>signa Christi</text:p></table:table-cell><table:table-cell office:value-type="float" office:value="75"><text:p>75</text:p></table:table-cell><table:table-cell office:value-type="float" office:value="6"><text:p>6</text:p></table:table-cell></table:table-row></table:table-rows></table:table></chart:chart></office:chart></office:body></office:document-content>